week_start,demo_site_id,planned_tonnes,simulated_actual_tonnes,four_week_average_forecast_tonnes,random_forest_forecast_tonnes,baseline_gap_tonnes,baseline_shortfall_pct,baseline_risk_band,rf_gap_tonnes,rf_shortfall_pct,rf_risk_band,data_status
2024-03-18,DEMO-01,1011.69,968.39,939.08,966.43,72.61,7.18,medium,45.26,4.47,low,simulated_holdout
2024-03-25,DEMO-01,992.92,947.99,951.90,905.94,41.02,4.13,low,86.98,8.76,medium,simulated_holdout
2024-04-01,DEMO-01,1015.59,944.39,951.29,936.99,64.30,6.33,medium,78.60,7.74,medium,simulated_holdout
2024-04-08,DEMO-01,1015.76,972.32,948.89,939.28,66.87,6.58,medium,76.48,7.53,medium,simulated_holdout
2024-04-15,DEMO-01,1016.31,988.75,958.27,958.70,58.04,5.71,medium,57.61,5.67,medium,simulated_holdout
2024-04-22,DEMO-01,1017.98,949.27,963.36,929.90,54.62,5.37,medium,88.08,8.65,medium,simulated_holdout
2024-04-29,DEMO-01,1027.54,932.02,963.68,934.17,63.86,6.21,medium,93.37,9.09,medium,simulated_holdout
2024-05-06,DEMO-01,1011.97,947.31,960.59,963.55,51.38,5.08,medium,48.42,4.78,low,simulated_holdout
2024-05-13,DEMO-01,1014.47,912.15,954.33,933.88,60.14,5.93,medium,80.59,7.94,medium,simulated_holdout
2024-05-20,DEMO-01,1021.35,915.62,935.18,938.88,86.17,8.44,medium,82.47,8.07,medium,simulated_holdout
2024-05-27,DEMO-01,1002.10,911.57,926.77,942.95,75.33,7.52,medium,59.15,5.90,medium,simulated_holdout
2024-06-03,DEMO-01,1015.28,918.16,921.66,949.30,93.62,9.22,medium,65.98,6.50,medium,simulated_holdout
2024-06-10,DEMO-01,1002.38,927.18,914.37,948.15,88.01,8.78,medium,54.23,5.41,medium,simulated_holdout
2024-06-17,DEMO-01,989.79,954.66,918.13,903.85,71.66,7.24,medium,85.94,8.68,medium,simulated_holdout
2024-06-24,DEMO-01,1000.45,939.67,927.89,938.03,72.56,7.25,medium,62.42,6.24,medium,simulated_holdout
2024-07-01,DEMO-01,996.23,932.41,934.92,890.56,61.31,6.15,medium,105.67,10.61,high,simulated_holdout
2024-07-08,DEMO-01,982.92,870.19,938.48,867.61,44.44,4.52,low,115.31,11.73,high,simulated_holdout
2024-07-15,DEMO-01,973.66,781.64,924.23,827.96,49.43,5.08,medium,145.70,14.96,high,simulated_holdout
2024-07-22,DEMO-01,991.05,811.69,880.97,864.32,110.08,11.11,high,126.73,12.79,high,simulated_holdout
2024-07-29,DEMO-01,979.59,732.41,848.98,808.97,130.61,13.33,high,170.62,17.42,high,simulated_holdout
2024-08-05,DEMO-01,984.86,857.51,798.98,839.23,185.88,18.87,high,145.63,14.79,high,simulated_holdout
2024-08-12,DEMO-01,996.29,945.57,795.81,900.84,200.48,20.12,high,95.45,9.58,medium,simulated_holdout
2024-08-19,DEMO-01,973.99,821.18,836.79,876.95,137.20,14.09,high,97.04,9.96,medium,simulated_holdout
2024-08-26,DEMO-01,971.87,878.53,839.16,862.37,132.71,13.66,high,109.50,11.27,high,simulated_holdout
2024-09-02,DEMO-01,984.45,874.30,875.70,903.83,108.75,11.05,high,80.62,8.19,medium,simulated_holdout
2024-09-09,DEMO-01,983.55,860.10,879.89,863.11,103.66,10.54,high,120.44,12.25,high,simulated_holdout
2024-09-16,DEMO-01,997.63,805.67,858.53,857.30,139.10,13.94,high,140.33,14.07,high,simulated_holdout
2024-09-23,DEMO-01,985.06,853.88,854.65,911.83,130.41,13.24,high,73.23,7.43,medium,simulated_holdout
2024-09-30,DEMO-01,993.43,878.12,848.49,898.08,144.94,14.59,high,95.35,9.60,medium,simulated_holdout
2024-10-07,DEMO-01,1004.25,939.37,849.44,953.57,154.81,15.42,high,50.68,5.05,medium,simulated_holdout
2024-10-14,DEMO-01,978.77,916.51,869.26,927.86,109.51,11.19,high,50.91,5.20,medium,simulated_holdout
2024-10-21,DEMO-01,973.36,914.97,896.97,885.03,76.39,7.85,medium,88.33,9.07,medium,simulated_holdout
2024-10-28,DEMO-01,982.15,888.57,912.24,886.10,69.91,7.12,medium,96.05,9.78,medium,simulated_holdout
2024-11-04,DEMO-01,968.63,859.20,914.85,888.72,53.78,5.55,medium,79.91,8.25,medium,simulated_holdout
2024-11-11,DEMO-01,984.63,892.72,894.81,907.25,89.82,9.12,medium,77.38,7.86,medium,simulated_holdout
2024-11-18,DEMO-01,976.75,896.48,888.86,927.70,87.89,9.00,medium,49.05,5.02,medium,simulated_holdout
2024-11-25,DEMO-01,1003.58,918.93,884.24,919.47,119.34,11.89,high,84.11,8.38,medium,simulated_holdout
2024-12-02,DEMO-01,1006.42,924.98,891.83,939.34,114.59,11.39,high,67.08,6.67,medium,simulated_holdout
2024-12-09,DEMO-01,975.67,968.80,908.28,928.59,67.39,6.91,medium,47.08,4.83,low,simulated_holdout
2024-12-16,DEMO-01,988.71,912.09,927.30,889.85,61.41,6.21,medium,98.86,10.00,medium,simulated_holdout
2024-12-23,DEMO-01,996.19,898.17,931.20,898.75,64.99,6.52,medium,97.44,9.78,medium,simulated_holdout
