week_start,mine_id,location,latitude,longitude,data_source,data_status,rainfall_mm,max_daily_rainfall_mm
2021-01-04,MOIL_DONGRI_BUZURG,"Dongri Buzurg Manganese Mine, Bhandara District, Maharashtra",21.5317,79.7044,NASA POWER Daily API (Regional Gridded 0.5deg),public_reference,0.12,0.1
2021-01-11,MOIL_DONGRI_BUZURG,"Dongri Buzurg Manganese Mine, Bhandara District, Maharashtra",21.5317,79.7044,NASA POWER Daily API (Regional Gridded 0.5deg),public_reference,0.0,0.0
2021-01-18,MOIL_DONGRI_BUZURG,"Dongri Buzurg Manganese Mine, Bhandara District, Maharashtra",21.5317,79.7044,NASA POWER Daily API (Regional Gridded 0.5deg),public_reference,0.0,0.0
2021-01-25,MOIL_DONGRI_BUZURG,"Dongri Buzurg Manganese Mine, Bhandara District, Maharashtra",21.5317,79.7044,NASA POWER Daily API (Regional Gridded 0.5deg),public_reference,4.75,3.73
2021-02-01,MOIL_DONGRI_BUZURG,"Dongri Buzurg Manganese Mine, Bhandara District, Maharashtra",21.5317,79.7044,NASA POWER Daily API (Regional Gridded 0.5deg),public_reference,0.0,0.0
2021-02-08,MOIL_DONGRI_BUZURG,"Dongri Buzurg Manganese Mine, Bhandara District, Maharashtra",21.5317,79.7044,NASA POWER Daily API (Regional Gridded 0.5deg),public_reference,0.0,0.0
2021-02-15,MOIL_DONGRI_BUZURG,"Dongri Buzurg Manganese Mine, Bhandara District, Maharashtra",21.5317,79.7044,NASA POWER Daily API (Regional Gridded 0.5deg),public_reference,10.65,6.13
2021-02-22,MOIL_DONGRI_BUZURG,"Dongri Buzurg Manganese Mine, Bhandara District, Maharashtra",21.5317,79.7044,NASA POWER Daily API (Regional Gridded 0.5deg),public_reference,0.0,0.0
2021-03-01,MOIL_DONGRI_BUZURG,"Dongri Buzurg Manganese Mine, Bhandara District, Maharashtra",21.5317,79.7044,NASA POWER Daily API (Regional Gridded 0.5deg),public_reference,0.0,0.0
2021-03-08,MOIL_DONGRI_BUZURG,"Dongri Buzurg Manganese Mine, Bhandara District, Maharashtra",21.5317,79.7044,NASA POWER Daily API (Regional Gridded 0.5deg),public_reference,2.25,1.64
2021-03-15,MOIL_DONGRI_BUZURG,"Dongri Buzurg Manganese Mine, Bhandara District, Maharashtra",21.5317,79.7044,NASA POWER Daily API (Regional Gridded 0.5deg),public_reference,5.87,2.73
2021-03-22,MOIL_DONGRI_BUZURG,"Dongri Buzurg Manganese Mine, Bhandara District, Maharashtra",21.5317,79.7044,NASA POWER Daily API (Regional Gridded 0.5deg),public_reference,1.6,0.83
2021-03-29,MOIL_DONGRI_BUZURG,"Dongri Buzurg Manganese Mine, Bhandara District, Maharashtra",21.5317,79.7044,NASA POWER Daily API (Regional Gridded 0.5deg),public_reference,0.0,0.0
2021-04-05,MOIL_DONGRI_BUZURG,"Dongri Buzurg Manganese Mine, Bhandara District, Maharashtra",21.5317,79.7044,NASA POWER Daily API (Regional Gridded 0.5deg),public_reference,0.86,0.5
2021-04-12,MOIL_DONGRI_BUZURG,"Dongri Buzurg Manganese Mine, Bhandara District, Maharashtra",21.5317,79.7044,NASA POWER Daily API (Regional Gridded 0.5deg),public_reference,0.13,0.1
2021-04-19,MOIL_DONGRI_BUZURG,"Dongri Buzurg Manganese Mine, Bhandara District, Maharashtra",21.5317,79.7044,NASA POWER Daily API (Regional Gridded 0.5deg),public_reference,0.25,0.25
2021-04-26,MOIL_DONGRI_BUZURG,"Dongri Buzurg Manganese Mine, Bhandara District, Maharashtra",21.5317,79.7044,NASA POWER Daily API (Regional Gridded 0.5deg),public_reference,3.51,3.49
2021-05-03,MOIL_DONGRI_BUZURG,"Dongri Buzurg Manganese Mine, Bhandara District, Maharashtra",21.5317,79.7044,NASA POWER Daily API (Regional Gridded 0.5deg),public_reference,24.5,11.05
2021-05-10,MOIL_DONGRI_BUZURG,"Dongri Buzurg Manganese Mine, Bhandara District, Maharashtra",21.5317,79.7044,NASA POWER Daily API (Regional Gridded 0.5deg),public_reference,7.54,6.28
2021-05-17,MOIL_DONGRI_BUZURG,"Dongri Buzurg Manganese Mine, Bhandara District, Maharashtra",21.5317,79.7044,NASA POWER Daily API (Regional Gridded 0.5deg),public_reference,29.47,13.94
2021-05-24,MOIL_DONGRI_BUZURG,"Dongri Buzurg Manganese Mine, Bhandara District, Maharashtra",21.5317,79.7044,NASA POWER Daily API (Regional Gridded 0.5deg),public_reference,1.01,0.9
2021-05-31,MOIL_DONGRI_BUZURG,"Dongri Buzurg Manganese Mine, Bhandara District, Maharashtra",21.5317,79.7044,NASA POWER Daily API (Regional Gridded 0.5deg),public_reference,26.85,11.89
2021-06-07,MOIL_DONGRI_BUZURG,"Dongri Buzurg Manganese Mine, Bhandara District, Maharashtra",21.5317,79.7044,NASA POWER Daily API (Regional Gridded 0.5deg),public_reference,83.92,41.86
2021-06-14,MOIL_DONGRI_BUZURG,"Dongri Buzurg Manganese Mine, Bhandara District, Maharashtra",21.5317,79.7044,NASA POWER Daily API (Regional Gridded 0.5deg),public_reference,48.89,13.98
2021-06-21,MOIL_DONGRI_BUZURG,"Dongri Buzurg Manganese Mine, Bhandara District, Maharashtra",21.5317,79.7044,NASA POWER Daily API (Regional Gridded 0.5deg),public_reference,50.61,17.5
2021-06-28,MOIL_DONGRI_BUZURG,"Dongri Buzurg Manganese Mine, Bhandara District, Maharashtra",21.5317,79.7044,NASA POWER Daily API (Regional Gridded 0.5deg),public_reference,40.51,19.75
2021-07-05,MOIL_DONGRI_BUZURG,"Dongri Buzurg Manganese Mine, Bhandara District, Maharashtra",21.5317,79.7044,NASA POWER Daily API (Regional Gridded 0.5deg),public_reference,83.79,51.96
2021-07-12,MOIL_DONGRI_BUZURG,"Dongri Buzurg Manganese Mine, Bhandara District, Maharashtra",21.5317,79.7044,NASA POWER Daily API (Regional Gridded 0.5deg),public_reference,16.69,5.15
2021-07-19,MOIL_DONGRI_BUZURG,"Dongri Buzurg Manganese Mine, Bhandara District, Maharashtra",21.5317,79.7044,NASA POWER Daily API (Regional Gridded 0.5deg),public_reference,126.75,52.85
2021-07-26,MOIL_DONGRI_BUZURG,"Dongri Buzurg Manganese Mine, Bhandara District, Maharashtra",21.5317,79.7044,NASA POWER Daily API (Regional Gridded 0.5deg),public_reference,78.27,23.65
2021-08-02,MOIL_DONGRI_BUZURG,"Dongri Buzurg Manganese Mine, Bhandara District, Maharashtra",21.5317,79.7044,NASA POWER Daily API (Regional Gridded 0.5deg),public_reference,8.55,3.12
2021-08-09,MOIL_DONGRI_BUZURG,"Dongri Buzurg Manganese Mine, Bhandara District, Maharashtra",21.5317,79.7044,NASA POWER Daily API (Regional Gridded 0.5deg),public_reference,6.01,2.48
2021-08-16,MOIL_DONGRI_BUZURG,"Dongri Buzurg Manganese Mine, Bhandara District, Maharashtra",21.5317,79.7044,NASA POWER Daily API (Regional Gridded 0.5deg),public_reference,86.54,23.25
2021-08-23,MOIL_DONGRI_BUZURG,"Dongri Buzurg Manganese Mine, Bhandara District, Maharashtra",21.5317,79.7044,NASA POWER Daily API (Regional Gridded 0.5deg),public_reference,24.64,8.3
2021-08-30,MOIL_DONGRI_BUZURG,"Dongri Buzurg Manganese Mine, Bhandara District, Maharashtra",21.5317,79.7044,NASA POWER Daily API (Regional Gridded 0.5deg),public_reference,37.5,8.96
2021-09-06,MOIL_DONGRI_BUZURG,"Dongri Buzurg Manganese Mine, Bhandara District, Maharashtra",21.5317,79.7044,NASA POWER Daily API (Regional Gridded 0.5deg),public_reference,117.24,28.86
2021-09-13,MOIL_DONGRI_BUZURG,"Dongri Buzurg Manganese Mine, Bhandara District, Maharashtra",21.5317,79.7044,NASA POWER Daily API (Regional Gridded 0.5deg),public_reference,107.78,36.2
2021-09-20,MOIL_DONGRI_BUZURG,"Dongri Buzurg Manganese Mine, Bhandara District, Maharashtra",21.5317,79.7044,NASA POWER Daily API (Regional Gridded 0.5deg),public_reference,60.67,21.69
2021-09-27,MOIL_DONGRI_BUZURG,"Dongri Buzurg Manganese Mine, Bhandara District, Maharashtra",21.5317,79.7044,NASA POWER Daily API (Regional Gridded 0.5deg),public_reference,35.44,10.5
2021-10-04,MOIL_DONGRI_BUZURG,"Dongri Buzurg Manganese Mine, Bhandara District, Maharashtra",21.5317,79.7044,NASA POWER Daily API (Regional Gridded 0.5deg),public_reference,9.61,3.94
2021-10-11,MOIL_DONGRI_BUZURG,"Dongri Buzurg Manganese Mine, Bhandara District, Maharashtra",21.5317,79.7044,NASA POWER Daily API (Regional Gridded 0.5deg),public_reference,4.28,3.54
2021-10-18,MOIL_DONGRI_BUZURG,"Dongri Buzurg Manganese Mine, Bhandara District, Maharashtra",21.5317,79.7044,NASA POWER Daily API (Regional Gridded 0.5deg),public_reference,2.77,2.17
2021-10-25,MOIL_DONGRI_BUZURG,"Dongri Buzurg Manganese Mine, Bhandara District, Maharashtra",21.5317,79.7044,NASA POWER Daily API (Regional Gridded 0.5deg),public_reference,0.0,0.0
2021-11-01,MOIL_DONGRI_BUZURG,"Dongri Buzurg Manganese Mine, Bhandara District, Maharashtra",21.5317,79.7044,NASA POWER Daily API (Regional Gridded 0.5deg),public_reference,0.01,0.01
2021-11-08,MOIL_DONGRI_BUZURG,"Dongri Buzurg Manganese Mine, Bhandara District, Maharashtra",21.5317,79.7044,NASA POWER Daily API (Regional Gridded 0.5deg),public_reference,0.07,0.04
2021-11-15,MOIL_DONGRI_BUZURG,"Dongri Buzurg Manganese Mine, Bhandara District, Maharashtra",21.5317,79.7044,NASA POWER Daily API (Regional Gridded 0.5deg),public_reference,7.99,7.91
2021-11-22,MOIL_DONGRI_BUZURG,"Dongri Buzurg Manganese Mine, Bhandara District, Maharashtra",21.5317,79.7044,NASA POWER Daily API (Regional Gridded 0.5deg),public_reference,2.37,2.34
2021-11-29,MOIL_DONGRI_BUZURG,"Dongri Buzurg Manganese Mine, Bhandara District, Maharashtra",21.5317,79.7044,NASA POWER Daily API (Regional Gridded 0.5deg),public_reference,0.0,0.0
2021-12-06,MOIL_DONGRI_BUZURG,"Dongri Buzurg Manganese Mine, Bhandara District, Maharashtra",21.5317,79.7044,NASA POWER Daily API (Regional Gridded 0.5deg),public_reference,0.0,0.0
2021-12-13,MOIL_DONGRI_BUZURG,"Dongri Buzurg Manganese Mine, Bhandara District, Maharashtra",21.5317,79.7044,NASA POWER Daily API (Regional Gridded 0.5deg),public_reference,0.0,0.0
2021-12-20,MOIL_DONGRI_BUZURG,"Dongri Buzurg Manganese Mine, Bhandara District, Maharashtra",21.5317,79.7044,NASA POWER Daily API (Regional Gridded 0.5deg),public_reference,0.0,0.0
2021-12-27,MOIL_DONGRI_BUZURG,"Dongri Buzurg Manganese Mine, Bhandara District, Maharashtra",21.5317,79.7044,NASA POWER Daily API (Regional Gridded 0.5deg),public_reference,34.64,28.52
2022-01-03,MOIL_DONGRI_BUZURG,"Dongri Buzurg Manganese Mine, Bhandara District, Maharashtra",21.5317,79.7044,NASA POWER Daily API (Regional Gridded 0.5deg),public_reference,9.79,8.5
2022-01-10,MOIL_DONGRI_BUZURG,"Dongri Buzurg Manganese Mine, Bhandara District, Maharashtra",21.5317,79.7044,NASA POWER Daily API (Regional Gridded 0.5deg),public_reference,21.96,14.01
2022-01-17,MOIL_DONGRI_BUZURG,"Dongri Buzurg Manganese Mine, Bhandara District, Maharashtra",21.5317,79.7044,NASA POWER Daily API (Regional Gridded 0.5deg),public_reference,3.22,2.38
2022-01-24,MOIL_DONGRI_BUZURG,"Dongri Buzurg Manganese Mine, Bhandara District, Maharashtra",21.5317,79.7044,NASA POWER Daily API (Regional Gridded 0.5deg),public_reference,0.0,0.0
2022-01-31,MOIL_DONGRI_BUZURG,"Dongri Buzurg Manganese Mine, Bhandara District, Maharashtra",21.5317,79.7044,NASA POWER Daily API (Regional Gridded 0.5deg),public_reference,0.45,0.26
2022-02-07,MOIL_DONGRI_BUZURG,"Dongri Buzurg Manganese Mine, Bhandara District, Maharashtra",21.5317,79.7044,NASA POWER Daily API (Regional Gridded 0.5deg),public_reference,4.58,3.9
2022-02-14,MOIL_DONGRI_BUZURG,"Dongri Buzurg Manganese Mine, Bhandara District, Maharashtra",21.5317,79.7044,NASA POWER Daily API (Regional Gridded 0.5deg),public_reference,2.55,1.62
2022-02-21,MOIL_DONGRI_BUZURG,"Dongri Buzurg Manganese Mine, Bhandara District, Maharashtra",21.5317,79.7044,NASA POWER Daily API (Regional Gridded 0.5deg),public_reference,0.77,0.55
2022-02-28,MOIL_DONGRI_BUZURG,"Dongri Buzurg Manganese Mine, Bhandara District, Maharashtra",21.5317,79.7044,NASA POWER Daily API (Regional Gridded 0.5deg),public_reference,0.86,0.41
2022-03-07,MOIL_DONGRI_BUZURG,"Dongri Buzurg Manganese Mine, Bhandara District, Maharashtra",21.5317,79.7044,NASA POWER Daily API (Regional Gridded 0.5deg),public_reference,0.0,0.0
2022-03-14,MOIL_DONGRI_BUZURG,"Dongri Buzurg Manganese Mine, Bhandara District, Maharashtra",21.5317,79.7044,NASA POWER Daily API (Regional Gridded 0.5deg),public_reference,0.0,0.0
2022-03-21,MOIL_DONGRI_BUZURG,"Dongri Buzurg Manganese Mine, Bhandara District, Maharashtra",21.5317,79.7044,NASA POWER Daily API (Regional Gridded 0.5deg),public_reference,0.0,0.0
2022-03-28,MOIL_DONGRI_BUZURG,"Dongri Buzurg Manganese Mine, Bhandara District, Maharashtra",21.5317,79.7044,NASA POWER Daily API (Regional Gridded 0.5deg),public_reference,0.0,0.0
2022-04-04,MOIL_DONGRI_BUZURG,"Dongri Buzurg Manganese Mine, Bhandara District, Maharashtra",21.5317,79.7044,NASA POWER Daily API (Regional Gridded 0.5deg),public_reference,0.0,0.0
2022-04-11,MOIL_DONGRI_BUZURG,"Dongri Buzurg Manganese Mine, Bhandara District, Maharashtra",21.5317,79.7044,NASA POWER Daily API (Regional Gridded 0.5deg),public_reference,0.0,0.0
2022-04-18,MOIL_DONGRI_BUZURG,"Dongri Buzurg Manganese Mine, Bhandara District, Maharashtra",21.5317,79.7044,NASA POWER Daily API (Regional Gridded 0.5deg),public_reference,1.21,1.2
2022-04-25,MOIL_DONGRI_BUZURG,"Dongri Buzurg Manganese Mine, Bhandara District, Maharashtra",21.5317,79.7044,NASA POWER Daily API (Regional Gridded 0.5deg),public_reference,0.0,0.0
2022-05-02,MOIL_DONGRI_BUZURG,"Dongri Buzurg Manganese Mine, Bhandara District, Maharashtra",21.5317,79.7044,NASA POWER Daily API (Regional Gridded 0.5deg),public_reference,0.25,0.18
2022-05-09,MOIL_DONGRI_BUZURG,"Dongri Buzurg Manganese Mine, Bhandara District, Maharashtra",21.5317,79.7044,NASA POWER Daily API (Regional Gridded 0.5deg),public_reference,0.79,0.77
2022-05-16,MOIL_DONGRI_BUZURG,"Dongri Buzurg Manganese Mine, Bhandara District, Maharashtra",21.5317,79.7044,NASA POWER Daily API (Regional Gridded 0.5deg),public_reference,1.26,0.83
2022-05-23,MOIL_DONGRI_BUZURG,"Dongri Buzurg Manganese Mine, Bhandara District, Maharashtra",21.5317,79.7044,NASA POWER Daily API (Regional Gridded 0.5deg),public_reference,4.76,2.22
2022-05-30,MOIL_DONGRI_BUZURG,"Dongri Buzurg Manganese Mine, Bhandara District, Maharashtra",21.5317,79.7044,NASA POWER Daily API (Regional Gridded 0.5deg),public_reference,0.33,0.23
2022-06-06,MOIL_DONGRI_BUZURG,"Dongri Buzurg Manganese Mine, Bhandara District, Maharashtra",21.5317,79.7044,NASA POWER Daily API (Regional Gridded 0.5deg),public_reference,5.37,3.03
2022-06-13,MOIL_DONGRI_BUZURG,"Dongri Buzurg Manganese Mine, Bhandara District, Maharashtra",21.5317,79.7044,NASA POWER Daily API (Regional Gridded 0.5deg),public_reference,62.82,27.15
2022-06-20,MOIL_DONGRI_BUZURG,"Dongri Buzurg Manganese Mine, Bhandara District, Maharashtra",21.5317,79.7044,NASA POWER Daily API (Regional Gridded 0.5deg),public_reference,42.52,11.06
2022-06-27,MOIL_DONGRI_BUZURG,"Dongri Buzurg Manganese Mine, Bhandara District, Maharashtra",21.5317,79.7044,NASA POWER Daily API (Regional Gridded 0.5deg),public_reference,65.99,21.15
2022-07-04,MOIL_DONGRI_BUZURG,"Dongri Buzurg Manganese Mine, Bhandara District, Maharashtra",21.5317,79.7044,NASA POWER Daily API (Regional Gridded 0.5deg),public_reference,122.34,33.84
2022-07-11,MOIL_DONGRI_BUZURG,"Dongri Buzurg Manganese Mine, Bhandara District, Maharashtra",21.5317,79.7044,NASA POWER Daily API (Regional Gridded 0.5deg),public_reference,232.72,48.41
2022-07-18,MOIL_DONGRI_BUZURG,"Dongri Buzurg Manganese Mine, Bhandara District, Maharashtra",21.5317,79.7044,NASA POWER Daily API (Regional Gridded 0.5deg),public_reference,84.36,27.68
2022-07-25,MOIL_DONGRI_BUZURG,"Dongri Buzurg Manganese Mine, Bhandara District, Maharashtra",21.5317,79.7044,NASA POWER Daily API (Regional Gridded 0.5deg),public_reference,48.64,16.09
2022-08-01,MOIL_DONGRI_BUZURG,"Dongri Buzurg Manganese Mine, Bhandara District, Maharashtra",21.5317,79.7044,NASA POWER Daily API (Regional Gridded 0.5deg),public_reference,62.68,32.67
2022-08-08,MOIL_DONGRI_BUZURG,"Dongri Buzurg Manganese Mine, Bhandara District, Maharashtra",21.5317,79.7044,NASA POWER Daily API (Regional Gridded 0.5deg),public_reference,274.26,68.27
2022-08-15,MOIL_DONGRI_BUZURG,"Dongri Buzurg Manganese Mine, Bhandara District, Maharashtra",21.5317,79.7044,NASA POWER Daily API (Regional Gridded 0.5deg),public_reference,125.53,55.11
2022-08-22,MOIL_DONGRI_BUZURG,"Dongri Buzurg Manganese Mine, Bhandara District, Maharashtra",21.5317,79.7044,NASA POWER Daily API (Regional Gridded 0.5deg),public_reference,19.88,5.83
2022-08-29,MOIL_DONGRI_BUZURG,"Dongri Buzurg Manganese Mine, Bhandara District, Maharashtra",21.5317,79.7044,NASA POWER Daily API (Regional Gridded 0.5deg),public_reference,35.67,14.12
2022-09-05,MOIL_DONGRI_BUZURG,"Dongri Buzurg Manganese Mine, Bhandara District, Maharashtra",21.5317,79.7044,NASA POWER Daily API (Regional Gridded 0.5deg),public_reference,29.55,12.69
2022-09-12,MOIL_DONGRI_BUZURG,"Dongri Buzurg Manganese Mine, Bhandara District, Maharashtra",21.5317,79.7044,NASA POWER Daily API (Regional Gridded 0.5deg),public_reference,167.33,76.33
2022-09-19,MOIL_DONGRI_BUZURG,"Dongri Buzurg Manganese Mine, Bhandara District, Maharashtra",21.5317,79.7044,NASA POWER Daily API (Regional Gridded 0.5deg),public_reference,67.57,28.14
2022-09-26,MOIL_DONGRI_BUZURG,"Dongri Buzurg Manganese Mine, Bhandara District, Maharashtra",21.5317,79.7044,NASA POWER Daily API (Regional Gridded 0.5deg),public_reference,5.87,3.01
2022-10-03,MOIL_DONGRI_BUZURG,"Dongri Buzurg Manganese Mine, Bhandara District, Maharashtra",21.5317,79.7044,NASA POWER Daily API (Regional Gridded 0.5deg),public_reference,16.06,4.66
2022-10-10,MOIL_DONGRI_BUZURG,"Dongri Buzurg Manganese Mine, Bhandara District, Maharashtra",21.5317,79.7044,NASA POWER Daily API (Regional Gridded 0.5deg),public_reference,62.97,36.54
2022-10-17,MOIL_DONGRI_BUZURG,"Dongri Buzurg Manganese Mine, Bhandara District, Maharashtra",21.5317,79.7044,NASA POWER Daily API (Regional Gridded 0.5deg),public_reference,16.43,12.04
2022-10-24,MOIL_DONGRI_BUZURG,"Dongri Buzurg Manganese Mine, Bhandara District, Maharashtra",21.5317,79.7044,NASA POWER Daily API (Regional Gridded 0.5deg),public_reference,0.0,0.0
2022-10-31,MOIL_DONGRI_BUZURG,"Dongri Buzurg Manganese Mine, Bhandara District, Maharashtra",21.5317,79.7044,NASA POWER Daily API (Regional Gridded 0.5deg),public_reference,0.0,0.0
2022-11-07,MOIL_DONGRI_BUZURG,"Dongri Buzurg Manganese Mine, Bhandara District, Maharashtra",21.5317,79.7044,NASA POWER Daily API (Regional Gridded 0.5deg),public_reference,0.0,0.0
2022-11-14,MOIL_DONGRI_BUZURG,"Dongri Buzurg Manganese Mine, Bhandara District, Maharashtra",21.5317,79.7044,NASA POWER Daily API (Regional Gridded 0.5deg),public_reference,0.0,0.0
2022-11-21,MOIL_DONGRI_BUZURG,"Dongri Buzurg Manganese Mine, Bhandara District, Maharashtra",21.5317,79.7044,NASA POWER Daily API (Regional Gridded 0.5deg),public_reference,0.0,0.0
2022-11-28,MOIL_DONGRI_BUZURG,"Dongri Buzurg Manganese Mine, Bhandara District, Maharashtra",21.5317,79.7044,NASA POWER Daily API (Regional Gridded 0.5deg),public_reference,0.0,0.0
2022-12-05,MOIL_DONGRI_BUZURG,"Dongri Buzurg Manganese Mine, Bhandara District, Maharashtra",21.5317,79.7044,NASA POWER Daily API (Regional Gridded 0.5deg),public_reference,0.0,0.0
2022-12-12,MOIL_DONGRI_BUZURG,"Dongri Buzurg Manganese Mine, Bhandara District, Maharashtra",21.5317,79.7044,NASA POWER Daily API (Regional Gridded 0.5deg),public_reference,1.67,0.9
2022-12-19,MOIL_DONGRI_BUZURG,"Dongri Buzurg Manganese Mine, Bhandara District, Maharashtra",21.5317,79.7044,NASA POWER Daily API (Regional Gridded 0.5deg),public_reference,0.0,0.0
2022-12-26,MOIL_DONGRI_BUZURG,"Dongri Buzurg Manganese Mine, Bhandara District, Maharashtra",21.5317,79.7044,NASA POWER Daily API (Regional Gridded 0.5deg),public_reference,0.0,0.0
2023-01-02,MOIL_DONGRI_BUZURG,"Dongri Buzurg Manganese Mine, Bhandara District, Maharashtra",21.5317,79.7044,NASA POWER Daily API (Regional Gridded 0.5deg),public_reference,1.54,0.85
2023-01-09,MOIL_DONGRI_BUZURG,"Dongri Buzurg Manganese Mine, Bhandara District, Maharashtra",21.5317,79.7044,NASA POWER Daily API (Regional Gridded 0.5deg),public_reference,0.0,0.0
2023-01-16,MOIL_DONGRI_BUZURG,"Dongri Buzurg Manganese Mine, Bhandara District, Maharashtra",21.5317,79.7044,NASA POWER Daily API (Regional Gridded 0.5deg),public_reference,0.0,0.0
2023-01-23,MOIL_DONGRI_BUZURG,"Dongri Buzurg Manganese Mine, Bhandara District, Maharashtra",21.5317,79.7044,NASA POWER Daily API (Regional Gridded 0.5deg),public_reference,0.0,0.0
2023-01-30,MOIL_DONGRI_BUZURG,"Dongri Buzurg Manganese Mine, Bhandara District, Maharashtra",21.5317,79.7044,NASA POWER Daily API (Regional Gridded 0.5deg),public_reference,0.04,0.03
2023-02-06,MOIL_DONGRI_BUZURG,"Dongri Buzurg Manganese Mine, Bhandara District, Maharashtra",21.5317,79.7044,NASA POWER Daily API (Regional Gridded 0.5deg),public_reference,0.0,0.0
2023-02-13,MOIL_DONGRI_BUZURG,"Dongri Buzurg Manganese Mine, Bhandara District, Maharashtra",21.5317,79.7044,NASA POWER Daily API (Regional Gridded 0.5deg),public_reference,0.0,0.0
2023-02-20,MOIL_DONGRI_BUZURG,"Dongri Buzurg Manganese Mine, Bhandara District, Maharashtra",21.5317,79.7044,NASA POWER Daily API (Regional Gridded 0.5deg),public_reference,0.0,0.0
2023-02-27,MOIL_DONGRI_BUZURG,"Dongri Buzurg Manganese Mine, Bhandara District, Maharashtra",21.5317,79.7044,NASA POWER Daily API (Regional Gridded 0.5deg),public_reference,0.0,0.0
2023-03-06,MOIL_DONGRI_BUZURG,"Dongri Buzurg Manganese Mine, Bhandara District, Maharashtra",21.5317,79.7044,NASA POWER Daily API (Regional Gridded 0.5deg),public_reference,0.33,0.14
2023-03-13,MOIL_DONGRI_BUZURG,"Dongri Buzurg Manganese Mine, Bhandara District, Maharashtra",21.5317,79.7044,NASA POWER Daily API (Regional Gridded 0.5deg),public_reference,18.59,11.19
2023-03-20,MOIL_DONGRI_BUZURG,"Dongri Buzurg Manganese Mine, Bhandara District, Maharashtra",21.5317,79.7044,NASA POWER Daily API (Regional Gridded 0.5deg),public_reference,11.16,4.22
2023-03-27,MOIL_DONGRI_BUZURG,"Dongri Buzurg Manganese Mine, Bhandara District, Maharashtra",21.5317,79.7044,NASA POWER Daily API (Regional Gridded 0.5deg),public_reference,1.29,1.03
2023-04-03,MOIL_DONGRI_BUZURG,"Dongri Buzurg Manganese Mine, Bhandara District, Maharashtra",21.5317,79.7044,NASA POWER Daily API (Regional Gridded 0.5deg),public_reference,5.02,3.71
2023-04-10,MOIL_DONGRI_BUZURG,"Dongri Buzurg Manganese Mine, Bhandara District, Maharashtra",21.5317,79.7044,NASA POWER Daily API (Regional Gridded 0.5deg),public_reference,3.47,2.07
2023-04-17,MOIL_DONGRI_BUZURG,"Dongri Buzurg Manganese Mine, Bhandara District, Maharashtra",21.5317,79.7044,NASA POWER Daily API (Regional Gridded 0.5deg),public_reference,10.73,8.05
2023-04-24,MOIL_DONGRI_BUZURG,"Dongri Buzurg Manganese Mine, Bhandara District, Maharashtra",21.5317,79.7044,NASA POWER Daily API (Regional Gridded 0.5deg),public_reference,61.43,34.11
2023-05-01,MOIL_DONGRI_BUZURG,"Dongri Buzurg Manganese Mine, Bhandara District, Maharashtra",21.5317,79.7044,NASA POWER Daily API (Regional Gridded 0.5deg),public_reference,28.32,13.56
2023-05-08,MOIL_DONGRI_BUZURG,"Dongri Buzurg Manganese Mine, Bhandara District, Maharashtra",21.5317,79.7044,NASA POWER Daily API (Regional Gridded 0.5deg),public_reference,0.56,0.54
2023-05-15,MOIL_DONGRI_BUZURG,"Dongri Buzurg Manganese Mine, Bhandara District, Maharashtra",21.5317,79.7044,NASA POWER Daily API (Regional Gridded 0.5deg),public_reference,0.32,0.22
2023-05-22,MOIL_DONGRI_BUZURG,"Dongri Buzurg Manganese Mine, Bhandara District, Maharashtra",21.5317,79.7044,NASA POWER Daily API (Regional Gridded 0.5deg),public_reference,5.2,2.44
2023-05-29,MOIL_DONGRI_BUZURG,"Dongri Buzurg Manganese Mine, Bhandara District, Maharashtra",21.5317,79.7044,NASA POWER Daily API (Regional Gridded 0.5deg),public_reference,2.31,1.87
2023-06-05,MOIL_DONGRI_BUZURG,"Dongri Buzurg Manganese Mine, Bhandara District, Maharashtra",21.5317,79.7044,NASA POWER Daily API (Regional Gridded 0.5deg),public_reference,0.27,0.12
2023-06-12,MOIL_DONGRI_BUZURG,"Dongri Buzurg Manganese Mine, Bhandara District, Maharashtra",21.5317,79.7044,NASA POWER Daily API (Regional Gridded 0.5deg),public_reference,0.76,0.45
2023-06-19,MOIL_DONGRI_BUZURG,"Dongri Buzurg Manganese Mine, Bhandara District, Maharashtra",21.5317,79.7044,NASA POWER Daily API (Regional Gridded 0.5deg),public_reference,49.59,17.89
2023-06-26,MOIL_DONGRI_BUZURG,"Dongri Buzurg Manganese Mine, Bhandara District, Maharashtra",21.5317,79.7044,NASA POWER Daily API (Regional Gridded 0.5deg),public_reference,140.73,71.56
2023-07-03,MOIL_DONGRI_BUZURG,"Dongri Buzurg Manganese Mine, Bhandara District, Maharashtra",21.5317,79.7044,NASA POWER Daily API (Regional Gridded 0.5deg),public_reference,140.73,53.03
2023-07-10,MOIL_DONGRI_BUZURG,"Dongri Buzurg Manganese Mine, Bhandara District, Maharashtra",21.5317,79.7044,NASA POWER Daily API (Regional Gridded 0.5deg),public_reference,102.15,44.01
2023-07-17,MOIL_DONGRI_BUZURG,"Dongri Buzurg Manganese Mine, Bhandara District, Maharashtra",21.5317,79.7044,NASA POWER Daily API (Regional Gridded 0.5deg),public_reference,107.68,30.05
2023-07-24,MOIL_DONGRI_BUZURG,"Dongri Buzurg Manganese Mine, Bhandara District, Maharashtra",21.5317,79.7044,NASA POWER Daily API (Regional Gridded 0.5deg),public_reference,75.57,25.14
2023-07-31,MOIL_DONGRI_BUZURG,"Dongri Buzurg Manganese Mine, Bhandara District, Maharashtra",21.5317,79.7044,NASA POWER Daily API (Regional Gridded 0.5deg),public_reference,96.98,33.6
2023-08-07,MOIL_DONGRI_BUZURG,"Dongri Buzurg Manganese Mine, Bhandara District, Maharashtra",21.5317,79.7044,NASA POWER Daily API (Regional Gridded 0.5deg),public_reference,3.14,1.51
2023-08-14,MOIL_DONGRI_BUZURG,"Dongri Buzurg Manganese Mine, Bhandara District, Maharashtra",21.5317,79.7044,NASA POWER Daily API (Regional Gridded 0.5deg),public_reference,94.86,37.73
2023-08-21,MOIL_DONGRI_BUZURG,"Dongri Buzurg Manganese Mine, Bhandara District, Maharashtra",21.5317,79.7044,NASA POWER Daily API (Regional Gridded 0.5deg),public_reference,26.62,10.2
2023-08-28,MOIL_DONGRI_BUZURG,"Dongri Buzurg Manganese Mine, Bhandara District, Maharashtra",21.5317,79.7044,NASA POWER Daily API (Regional Gridded 0.5deg),public_reference,37.24,16.15
2023-09-04,MOIL_DONGRI_BUZURG,"Dongri Buzurg Manganese Mine, Bhandara District, Maharashtra",21.5317,79.7044,NASA POWER Daily API (Regional Gridded 0.5deg),public_reference,91.52,25.06
2023-09-11,MOIL_DONGRI_BUZURG,"Dongri Buzurg Manganese Mine, Bhandara District, Maharashtra",21.5317,79.7044,NASA POWER Daily API (Regional Gridded 0.5deg),public_reference,130.72,70.04
2023-09-18,MOIL_DONGRI_BUZURG,"Dongri Buzurg Manganese Mine, Bhandara District, Maharashtra",21.5317,79.7044,NASA POWER Daily API (Regional Gridded 0.5deg),public_reference,93.38,46.89
2023-09-25,MOIL_DONGRI_BUZURG,"Dongri Buzurg Manganese Mine, Bhandara District, Maharashtra",21.5317,79.7044,NASA POWER Daily API (Regional Gridded 0.5deg),public_reference,5.27,2.38
2023-10-02,MOIL_DONGRI_BUZURG,"Dongri Buzurg Manganese Mine, Bhandara District, Maharashtra",21.5317,79.7044,NASA POWER Daily API (Regional Gridded 0.5deg),public_reference,3.29,2.96
2023-10-09,MOIL_DONGRI_BUZURG,"Dongri Buzurg Manganese Mine, Bhandara District, Maharashtra",21.5317,79.7044,NASA POWER Daily API (Regional Gridded 0.5deg),public_reference,0.09,0.07
2023-10-16,MOIL_DONGRI_BUZURG,"Dongri Buzurg Manganese Mine, Bhandara District, Maharashtra",21.5317,79.7044,NASA POWER Daily API (Regional Gridded 0.5deg),public_reference,0.23,0.13
2023-10-23,MOIL_DONGRI_BUZURG,"Dongri Buzurg Manganese Mine, Bhandara District, Maharashtra",21.5317,79.7044,NASA POWER Daily API (Regional Gridded 0.5deg),public_reference,0.0,0.0
2023-10-30,MOIL_DONGRI_BUZURG,"Dongri Buzurg Manganese Mine, Bhandara District, Maharashtra",21.5317,79.7044,NASA POWER Daily API (Regional Gridded 0.5deg),public_reference,0.07,0.07
2023-11-06,MOIL_DONGRI_BUZURG,"Dongri Buzurg Manganese Mine, Bhandara District, Maharashtra",21.5317,79.7044,NASA POWER Daily API (Regional Gridded 0.5deg),public_reference,0.0,0.0
2023-11-13,MOIL_DONGRI_BUZURG,"Dongri Buzurg Manganese Mine, Bhandara District, Maharashtra",21.5317,79.7044,NASA POWER Daily API (Regional Gridded 0.5deg),public_reference,0.0,0.0
2023-11-20,MOIL_DONGRI_BUZURG,"Dongri Buzurg Manganese Mine, Bhandara District, Maharashtra",21.5317,79.7044,NASA POWER Daily API (Regional Gridded 0.5deg),public_reference,0.02,0.02
2023-11-27,MOIL_DONGRI_BUZURG,"Dongri Buzurg Manganese Mine, Bhandara District, Maharashtra",21.5317,79.7044,NASA POWER Daily API (Regional Gridded 0.5deg),public_reference,28.59,10.62
2023-12-04,MOIL_DONGRI_BUZURG,"Dongri Buzurg Manganese Mine, Bhandara District, Maharashtra",21.5317,79.7044,NASA POWER Daily API (Regional Gridded 0.5deg),public_reference,17.5,9.46
2023-12-11,MOIL_DONGRI_BUZURG,"Dongri Buzurg Manganese Mine, Bhandara District, Maharashtra",21.5317,79.7044,NASA POWER Daily API (Regional Gridded 0.5deg),public_reference,0.0,0.0
2023-12-18,MOIL_DONGRI_BUZURG,"Dongri Buzurg Manganese Mine, Bhandara District, Maharashtra",21.5317,79.7044,NASA POWER Daily API (Regional Gridded 0.5deg),public_reference,0.0,0.0
2023-12-25,MOIL_DONGRI_BUZURG,"Dongri Buzurg Manganese Mine, Bhandara District, Maharashtra",21.5317,79.7044,NASA POWER Daily API (Regional Gridded 0.5deg),public_reference,0.0,0.0
2024-01-01,MOIL_DONGRI_BUZURG,"Dongri Buzurg Manganese Mine, Bhandara District, Maharashtra",21.5317,79.7044,NASA POWER Daily API (Regional Gridded 0.5deg),public_reference,4.83,3.94
2024-01-08,MOIL_DONGRI_BUZURG,"Dongri Buzurg Manganese Mine, Bhandara District, Maharashtra",21.5317,79.7044,NASA POWER Daily API (Regional Gridded 0.5deg),public_reference,0.01,0.01
2024-01-15,MOIL_DONGRI_BUZURG,"Dongri Buzurg Manganese Mine, Bhandara District, Maharashtra",21.5317,79.7044,NASA POWER Daily API (Regional Gridded 0.5deg),public_reference,2.4,1.24
2024-01-22,MOIL_DONGRI_BUZURG,"Dongri Buzurg Manganese Mine, Bhandara District, Maharashtra",21.5317,79.7044,NASA POWER Daily API (Regional Gridded 0.5deg),public_reference,3.76,2.28
2024-01-29,MOIL_DONGRI_BUZURG,"Dongri Buzurg Manganese Mine, Bhandara District, Maharashtra",21.5317,79.7044,NASA POWER Daily API (Regional Gridded 0.5deg),public_reference,0.9,0.72
2024-02-05,MOIL_DONGRI_BUZURG,"Dongri Buzurg Manganese Mine, Bhandara District, Maharashtra",21.5317,79.7044,NASA POWER Daily API (Regional Gridded 0.5deg),public_reference,7.54,7.42
2024-02-12,MOIL_DONGRI_BUZURG,"Dongri Buzurg Manganese Mine, Bhandara District, Maharashtra",21.5317,79.7044,NASA POWER Daily API (Regional Gridded 0.5deg),public_reference,1.98,1.68
2024-02-19,MOIL_DONGRI_BUZURG,"Dongri Buzurg Manganese Mine, Bhandara District, Maharashtra",21.5317,79.7044,NASA POWER Daily API (Regional Gridded 0.5deg),public_reference,0.0,0.0
2024-02-26,MOIL_DONGRI_BUZURG,"Dongri Buzurg Manganese Mine, Bhandara District, Maharashtra",21.5317,79.7044,NASA POWER Daily API (Regional Gridded 0.5deg),public_reference,4.73,2.0
2024-03-04,MOIL_DONGRI_BUZURG,"Dongri Buzurg Manganese Mine, Bhandara District, Maharashtra",21.5317,79.7044,NASA POWER Daily API (Regional Gridded 0.5deg),public_reference,0.97,0.6
2024-03-11,MOIL_DONGRI_BUZURG,"Dongri Buzurg Manganese Mine, Bhandara District, Maharashtra",21.5317,79.7044,NASA POWER Daily API (Regional Gridded 0.5deg),public_reference,3.41,2.76
2024-03-18,MOIL_DONGRI_BUZURG,"Dongri Buzurg Manganese Mine, Bhandara District, Maharashtra",21.5317,79.7044,NASA POWER Daily API (Regional Gridded 0.5deg),public_reference,14.59,8.85
2024-03-25,MOIL_DONGRI_BUZURG,"Dongri Buzurg Manganese Mine, Bhandara District, Maharashtra",21.5317,79.7044,NASA POWER Daily API (Regional Gridded 0.5deg),public_reference,3.07,2.26
2024-04-01,MOIL_DONGRI_BUZURG,"Dongri Buzurg Manganese Mine, Bhandara District, Maharashtra",21.5317,79.7044,NASA POWER Daily API (Regional Gridded 0.5deg),public_reference,1.33,1.33
2024-04-08,MOIL_DONGRI_BUZURG,"Dongri Buzurg Manganese Mine, Bhandara District, Maharashtra",21.5317,79.7044,NASA POWER Daily API (Regional Gridded 0.5deg),public_reference,33.74,10.73
2024-04-15,MOIL_DONGRI_BUZURG,"Dongri Buzurg Manganese Mine, Bhandara District, Maharashtra",21.5317,79.7044,NASA POWER Daily API (Regional Gridded 0.5deg),public_reference,1.87,1.3
2024-04-22,MOIL_DONGRI_BUZURG,"Dongri Buzurg Manganese Mine, Bhandara District, Maharashtra",21.5317,79.7044,NASA POWER Daily API (Regional Gridded 0.5deg),public_reference,12.83,4.67
2024-04-29,MOIL_DONGRI_BUZURG,"Dongri Buzurg Manganese Mine, Bhandara District, Maharashtra",21.5317,79.7044,NASA POWER Daily API (Regional Gridded 0.5deg),public_reference,3.16,2.33
2024-05-06,MOIL_DONGRI_BUZURG,"Dongri Buzurg Manganese Mine, Bhandara District, Maharashtra",21.5317,79.7044,NASA POWER Daily API (Regional Gridded 0.5deg),public_reference,25.32,10.0
2024-05-13,MOIL_DONGRI_BUZURG,"Dongri Buzurg Manganese Mine, Bhandara District, Maharashtra",21.5317,79.7044,NASA POWER Daily API (Regional Gridded 0.5deg),public_reference,5.5,1.75
2024-05-20,MOIL_DONGRI_BUZURG,"Dongri Buzurg Manganese Mine, Bhandara District, Maharashtra",21.5317,79.7044,NASA POWER Daily API (Regional Gridded 0.5deg),public_reference,6.82,2.33
2024-05-27,MOIL_DONGRI_BUZURG,"Dongri Buzurg Manganese Mine, Bhandara District, Maharashtra",21.5317,79.7044,NASA POWER Daily API (Regional Gridded 0.5deg),public_reference,0.03,0.02
2024-06-03,MOIL_DONGRI_BUZURG,"Dongri Buzurg Manganese Mine, Bhandara District, Maharashtra",21.5317,79.7044,NASA POWER Daily API (Regional Gridded 0.5deg),public_reference,25.8,16.98
2024-06-10,MOIL_DONGRI_BUZURG,"Dongri Buzurg Manganese Mine, Bhandara District, Maharashtra",21.5317,79.7044,NASA POWER Daily API (Regional Gridded 0.5deg),public_reference,7.78,1.83
2024-06-17,MOIL_DONGRI_BUZURG,"Dongri Buzurg Manganese Mine, Bhandara District, Maharashtra",21.5317,79.7044,NASA POWER Daily API (Regional Gridded 0.5deg),public_reference,48.99,11.33
2024-06-24,MOIL_DONGRI_BUZURG,"Dongri Buzurg Manganese Mine, Bhandara District, Maharashtra",21.5317,79.7044,NASA POWER Daily API (Regional Gridded 0.5deg),public_reference,82.78,29.81
2024-07-01,MOIL_DONGRI_BUZURG,"Dongri Buzurg Manganese Mine, Bhandara District, Maharashtra",21.5317,79.7044,NASA POWER Daily API (Regional Gridded 0.5deg),public_reference,99.59,29.43
2024-07-08,MOIL_DONGRI_BUZURG,"Dongri Buzurg Manganese Mine, Bhandara District, Maharashtra",21.5317,79.7044,NASA POWER Daily API (Regional Gridded 0.5deg),public_reference,84.22,25.01
2024-07-15,MOIL_DONGRI_BUZURG,"Dongri Buzurg Manganese Mine, Bhandara District, Maharashtra",21.5317,79.7044,NASA POWER Daily API (Regional Gridded 0.5deg),public_reference,203.78,71.76
2024-07-22,MOIL_DONGRI_BUZURG,"Dongri Buzurg Manganese Mine, Bhandara District, Maharashtra",21.5317,79.7044,NASA POWER Daily API (Regional Gridded 0.5deg),public_reference,263.35,102.24
2024-07-29,MOIL_DONGRI_BUZURG,"Dongri Buzurg Manganese Mine, Bhandara District, Maharashtra",21.5317,79.7044,NASA POWER Daily API (Regional Gridded 0.5deg),public_reference,88.25,30.69
2024-08-05,MOIL_DONGRI_BUZURG,"Dongri Buzurg Manganese Mine, Bhandara District, Maharashtra",21.5317,79.7044,NASA POWER Daily API (Regional Gridded 0.5deg),public_reference,70.14,45.47
2024-08-12,MOIL_DONGRI_BUZURG,"Dongri Buzurg Manganese Mine, Bhandara District, Maharashtra",21.5317,79.7044,NASA POWER Daily API (Regional Gridded 0.5deg),public_reference,42.93,20.15
2024-08-19,MOIL_DONGRI_BUZURG,"Dongri Buzurg Manganese Mine, Bhandara District, Maharashtra",21.5317,79.7044,NASA POWER Daily API (Regional Gridded 0.5deg),public_reference,81.86,17.09
2024-08-26,MOIL_DONGRI_BUZURG,"Dongri Buzurg Manganese Mine, Bhandara District, Maharashtra",21.5317,79.7044,NASA POWER Daily API (Regional Gridded 0.5deg),public_reference,46.64,19.23
2024-09-02,MOIL_DONGRI_BUZURG,"Dongri Buzurg Manganese Mine, Bhandara District, Maharashtra",21.5317,79.7044,NASA POWER Daily API (Regional Gridded 0.5deg),public_reference,62.15,27.2
2024-09-09,MOIL_DONGRI_BUZURG,"Dongri Buzurg Manganese Mine, Bhandara District, Maharashtra",21.5317,79.7044,NASA POWER Daily API (Regional Gridded 0.5deg),public_reference,189.93,112.15
2024-09-16,MOIL_DONGRI_BUZURG,"Dongri Buzurg Manganese Mine, Bhandara District, Maharashtra",21.5317,79.7044,NASA POWER Daily API (Regional Gridded 0.5deg),public_reference,27.39,15.0
2024-09-23,MOIL_DONGRI_BUZURG,"Dongri Buzurg Manganese Mine, Bhandara District, Maharashtra",21.5317,79.7044,NASA POWER Daily API (Regional Gridded 0.5deg),public_reference,72.65,23.82
2024-09-30,MOIL_DONGRI_BUZURG,"Dongri Buzurg Manganese Mine, Bhandara District, Maharashtra",21.5317,79.7044,NASA POWER Daily API (Regional Gridded 0.5deg),public_reference,0.21,0.09
2024-10-07,MOIL_DONGRI_BUZURG,"Dongri Buzurg Manganese Mine, Bhandara District, Maharashtra",21.5317,79.7044,NASA POWER Daily API (Regional Gridded 0.5deg),public_reference,15.24,5.98
2024-10-14,MOIL_DONGRI_BUZURG,"Dongri Buzurg Manganese Mine, Bhandara District, Maharashtra",21.5317,79.7044,NASA POWER Daily API (Regional Gridded 0.5deg),public_reference,11.35,4.91
2024-10-21,MOIL_DONGRI_BUZURG,"Dongri Buzurg Manganese Mine, Bhandara District, Maharashtra",21.5317,79.7044,NASA POWER Daily API (Regional Gridded 0.5deg),public_reference,0.04,0.04
2024-10-28,MOIL_DONGRI_BUZURG,"Dongri Buzurg Manganese Mine, Bhandara District, Maharashtra",21.5317,79.7044,NASA POWER Daily API (Regional Gridded 0.5deg),public_reference,0.0,0.0
2024-11-04,MOIL_DONGRI_BUZURG,"Dongri Buzurg Manganese Mine, Bhandara District, Maharashtra",21.5317,79.7044,NASA POWER Daily API (Regional Gridded 0.5deg),public_reference,0.0,0.0
2024-11-11,MOIL_DONGRI_BUZURG,"Dongri Buzurg Manganese Mine, Bhandara District, Maharashtra",21.5317,79.7044,NASA POWER Daily API (Regional Gridded 0.5deg),public_reference,0.0,0.0
2024-11-18,MOIL_DONGRI_BUZURG,"Dongri Buzurg Manganese Mine, Bhandara District, Maharashtra",21.5317,79.7044,NASA POWER Daily API (Regional Gridded 0.5deg),public_reference,0.0,0.0
2024-11-25,MOIL_DONGRI_BUZURG,"Dongri Buzurg Manganese Mine, Bhandara District, Maharashtra",21.5317,79.7044,NASA POWER Daily API (Regional Gridded 0.5deg),public_reference,0.01,0.01
2024-12-02,MOIL_DONGRI_BUZURG,"Dongri Buzurg Manganese Mine, Bhandara District, Maharashtra",21.5317,79.7044,NASA POWER Daily API (Regional Gridded 0.5deg),public_reference,2.42,1.51
2024-12-09,MOIL_DONGRI_BUZURG,"Dongri Buzurg Manganese Mine, Bhandara District, Maharashtra",21.5317,79.7044,NASA POWER Daily API (Regional Gridded 0.5deg),public_reference,0.0,0.0
2024-12-16,MOIL_DONGRI_BUZURG,"Dongri Buzurg Manganese Mine, Bhandara District, Maharashtra",21.5317,79.7044,NASA POWER Daily API (Regional Gridded 0.5deg),public_reference,0.0,0.0
2024-12-23,MOIL_DONGRI_BUZURG,"Dongri Buzurg Manganese Mine, Bhandara District, Maharashtra",21.5317,79.7044,NASA POWER Daily API (Regional Gridded 0.5deg),public_reference,5.95,3.29
