week_start,demo_site_id,study_area,rainfall_source_site_id,planned_tonnes,actual_tonnes,rainfall_mm,rainfall_mm_previous_week,downtime_hours,equipment_available_pct,blast_delay_hours,actual_tonnes_lag_1,rolling_mean_4,rainfall_data_source,rainfall_data_status,data_status,operations_data_status,simulation_seed
2021-01-04,DEMO-01,"Dongri Buzurg Mine demo area, Bhandara, Maharashtra",MOIL_DONGRI_BUZURG,991.67,924.43,0.12,,8.32,95.05,4.37,,,NASA POWER Daily API (Regional Gridded 0.5deg),public_reference,simulated,simulated,26009
2021-01-11,DEMO-01,"Dongri Buzurg Mine demo area, Bhandara, Maharashtra",MOIL_DONGRI_BUZURG,1021.25,941.25,0.00,0.12,18.61,88.92,2.15,924.43,,NASA POWER Daily API (Regional Gridded 0.5deg),public_reference,simulated,simulated,26009
2021-01-18,DEMO-01,"Dongri Buzurg Mine demo area, Bhandara, Maharashtra",MOIL_DONGRI_BUZURG,1001.18,981.05,0.00,0.00,7.12,95.76,1.62,941.25,,NASA POWER Daily API (Regional Gridded 0.5deg),public_reference,simulated,simulated,26009
2021-01-25,DEMO-01,"Dongri Buzurg Mine demo area, Bhandara, Maharashtra",MOIL_DONGRI_BUZURG,1009.67,927.52,4.75,0.00,14.95,91.10,5.45,981.05,,NASA POWER Daily API (Regional Gridded 0.5deg),public_reference,simulated,simulated,26009
2021-02-01,DEMO-01,"Dongri Buzurg Mine demo area, Bhandara, Maharashtra",MOIL_DONGRI_BUZURG,1025.09,950.80,0.00,4.75,9.86,94.13,1.94,927.52,943.56,NASA POWER Daily API (Regional Gridded 0.5deg),public_reference,simulated,simulated,26009
2021-02-08,DEMO-01,"Dongri Buzurg Mine demo area, Bhandara, Maharashtra",MOIL_DONGRI_BUZURG,994.97,911.05,0.00,0.00,15.92,90.53,1.79,950.80,950.15,NASA POWER Daily API (Regional Gridded 0.5deg),public_reference,simulated,simulated,26009
2021-02-15,DEMO-01,"Dongri Buzurg Mine demo area, Bhandara, Maharashtra",MOIL_DONGRI_BUZURG,1003.84,941.92,10.65,0.00,18.26,89.13,3.09,911.05,942.60,NASA POWER Daily API (Regional Gridded 0.5deg),public_reference,simulated,simulated,26009
2021-02-22,DEMO-01,"Dongri Buzurg Mine demo area, Bhandara, Maharashtra",MOIL_DONGRI_BUZURG,1012.03,917.25,0.00,10.65,14.02,91.65,4.15,941.92,932.82,NASA POWER Daily API (Regional Gridded 0.5deg),public_reference,simulated,simulated,26009
2021-03-01,DEMO-01,"Dongri Buzurg Mine demo area, Bhandara, Maharashtra",MOIL_DONGRI_BUZURG,1019.22,890.28,0.00,0.00,22.38,86.68,6.20,917.25,930.26,NASA POWER Daily API (Regional Gridded 0.5deg),public_reference,simulated,simulated,26009
2021-03-08,DEMO-01,"Dongri Buzurg Mine demo area, Bhandara, Maharashtra",MOIL_DONGRI_BUZURG,1015.93,934.44,2.25,0.00,23.52,86.00,8.09,890.28,915.13,NASA POWER Daily API (Regional Gridded 0.5deg),public_reference,simulated,simulated,26009
2021-03-15,DEMO-01,"Dongri Buzurg Mine demo area, Bhandara, Maharashtra",MOIL_DONGRI_BUZURG,1027.51,963.91,5.87,2.25,16.59,90.12,1.60,934.44,920.97,NASA POWER Daily API (Regional Gridded 0.5deg),public_reference,simulated,simulated,26009
2021-03-22,DEMO-01,"Dongri Buzurg Mine demo area, Bhandara, Maharashtra",MOIL_DONGRI_BUZURG,1023.78,970.15,1.60,5.87,16.80,90.00,2.28,963.91,926.47,NASA POWER Daily API (Regional Gridded 0.5deg),public_reference,simulated,simulated,26009
2021-03-29,DEMO-01,"Dongri Buzurg Mine demo area, Bhandara, Maharashtra",MOIL_DONGRI_BUZURG,1013.35,930.52,0.00,1.60,4.79,97.15,1.85,970.15,939.70,NASA POWER Daily API (Regional Gridded 0.5deg),public_reference,simulated,simulated,26009
2021-04-05,DEMO-01,"Dongri Buzurg Mine demo area, Bhandara, Maharashtra",MOIL_DONGRI_BUZURG,1013.15,970.29,0.86,0.00,5.32,96.83,3.29,930.52,949.76,NASA POWER Daily API (Regional Gridded 0.5deg),public_reference,simulated,simulated,26009
2021-04-12,DEMO-01,"Dongri Buzurg Mine demo area, Bhandara, Maharashtra",MOIL_DONGRI_BUZURG,1009.55,897.84,0.13,0.86,16.59,90.12,6.71,970.29,958.72,NASA POWER Daily API (Regional Gridded 0.5deg),public_reference,simulated,simulated,26009
2021-04-19,DEMO-01,"Dongri Buzurg Mine demo area, Bhandara, Maharashtra",MOIL_DONGRI_BUZURG,1007.79,883.06,0.25,0.13,9.57,94.30,7.03,897.84,942.20,NASA POWER Daily API (Regional Gridded 0.5deg),public_reference,simulated,simulated,26009
2021-04-26,DEMO-01,"Dongri Buzurg Mine demo area, Bhandara, Maharashtra",MOIL_DONGRI_BUZURG,1029.16,846.44,3.51,0.25,22.22,86.77,8.49,883.06,920.43,NASA POWER Daily API (Regional Gridded 0.5deg),public_reference,simulated,simulated,26009
2021-05-03,DEMO-01,"Dongri Buzurg Mine demo area, Bhandara, Maharashtra",MOIL_DONGRI_BUZURG,1022.80,989.34,24.50,3.51,12.16,92.76,2.44,846.44,899.41,NASA POWER Daily API (Regional Gridded 0.5deg),public_reference,simulated,simulated,26009
2021-05-10,DEMO-01,"Dongri Buzurg Mine demo area, Bhandara, Maharashtra",MOIL_DONGRI_BUZURG,1019.01,950.27,7.54,24.50,6.20,96.31,6.19,989.34,904.17,NASA POWER Daily API (Regional Gridded 0.5deg),public_reference,simulated,simulated,26009
2021-05-17,DEMO-01,"Dongri Buzurg Mine demo area, Bhandara, Maharashtra",MOIL_DONGRI_BUZURG,1025.29,926.28,29.47,7.54,12.72,92.43,5.85,950.27,917.28,NASA POWER Daily API (Regional Gridded 0.5deg),public_reference,simulated,simulated,26009
2021-05-24,DEMO-01,"Dongri Buzurg Mine demo area, Bhandara, Maharashtra",MOIL_DONGRI_BUZURG,1019.11,881.28,1.01,29.47,25.26,84.97,5.20,926.28,928.08,NASA POWER Daily API (Regional Gridded 0.5deg),public_reference,simulated,simulated,26009
2021-05-31,DEMO-01,"Dongri Buzurg Mine demo area, Bhandara, Maharashtra",MOIL_DONGRI_BUZURG,1002.34,960.39,26.85,1.01,6.50,96.13,1.50,881.28,936.79,NASA POWER Daily API (Regional Gridded 0.5deg),public_reference,simulated,simulated,26009
2021-06-07,DEMO-01,"Dongri Buzurg Mine demo area, Bhandara, Maharashtra",MOIL_DONGRI_BUZURG,1021.32,961.74,83.92,26.85,13.05,92.23,2.08,960.39,929.56,NASA POWER Daily API (Regional Gridded 0.5deg),public_reference,simulated,simulated,26009
2021-06-14,DEMO-01,"Dongri Buzurg Mine demo area, Bhandara, Maharashtra",MOIL_DONGRI_BUZURG,1000.75,922.01,48.89,83.92,16.02,90.46,1.63,961.74,932.42,NASA POWER Daily API (Regional Gridded 0.5deg),public_reference,simulated,simulated,26009
2021-06-21,DEMO-01,"Dongri Buzurg Mine demo area, Bhandara, Maharashtra",MOIL_DONGRI_BUZURG,1013.95,979.38,50.61,48.89,6.71,96.01,1.67,922.01,931.36,NASA POWER Daily API (Regional Gridded 0.5deg),public_reference,simulated,simulated,26009
2021-06-28,DEMO-01,"Dongri Buzurg Mine demo area, Bhandara, Maharashtra",MOIL_DONGRI_BUZURG,1006.57,910.13,40.51,50.61,9.70,94.23,5.56,979.38,955.88,NASA POWER Daily API (Regional Gridded 0.5deg),public_reference,simulated,simulated,26009
2021-07-05,DEMO-01,"Dongri Buzurg Mine demo area, Bhandara, Maharashtra",MOIL_DONGRI_BUZURG,997.99,903.72,83.79,40.51,27.54,83.61,1.00,910.13,943.32,NASA POWER Daily API (Regional Gridded 0.5deg),public_reference,simulated,simulated,26009
2021-07-12,DEMO-01,"Dongri Buzurg Mine demo area, Bhandara, Maharashtra",MOIL_DONGRI_BUZURG,995.42,890.63,16.69,83.79,9.56,94.31,4.43,903.72,928.81,NASA POWER Daily API (Regional Gridded 0.5deg),public_reference,simulated,simulated,26009
2021-07-19,DEMO-01,"Dongri Buzurg Mine demo area, Bhandara, Maharashtra",MOIL_DONGRI_BUZURG,990.75,861.07,126.75,16.69,21.26,87.35,7.90,890.63,920.97,NASA POWER Daily API (Regional Gridded 0.5deg),public_reference,simulated,simulated,26009
2021-07-26,DEMO-01,"Dongri Buzurg Mine demo area, Bhandara, Maharashtra",MOIL_DONGRI_BUZURG,992.94,818.57,78.27,126.75,18.31,89.10,4.96,861.07,891.39,NASA POWER Daily API (Regional Gridded 0.5deg),public_reference,simulated,simulated,26009
2021-08-02,DEMO-01,"Dongri Buzurg Mine demo area, Bhandara, Maharashtra",MOIL_DONGRI_BUZURG,1007.74,896.11,8.55,78.27,6.58,96.08,3.95,818.57,868.50,NASA POWER Daily API (Regional Gridded 0.5deg),public_reference,simulated,simulated,26009
2021-08-09,DEMO-01,"Dongri Buzurg Mine demo area, Bhandara, Maharashtra",MOIL_DONGRI_BUZURG,993.95,925.75,6.01,8.55,14.62,91.30,0.70,896.11,866.60,NASA POWER Daily API (Regional Gridded 0.5deg),public_reference,simulated,simulated,26009
2021-08-16,DEMO-01,"Dongri Buzurg Mine demo area, Bhandara, Maharashtra",MOIL_DONGRI_BUZURG,1002.00,931.07,86.54,6.01,16.46,90.20,0.87,925.75,875.38,NASA POWER Daily API (Regional Gridded 0.5deg),public_reference,simulated,simulated,26009
2021-08-23,DEMO-01,"Dongri Buzurg Mine demo area, Bhandara, Maharashtra",MOIL_DONGRI_BUZURG,983.53,813.22,24.64,86.54,27.63,83.55,8.24,931.07,892.88,NASA POWER Daily API (Regional Gridded 0.5deg),public_reference,simulated,simulated,26009
2021-08-30,DEMO-01,"Dongri Buzurg Mine demo area, Bhandara, Maharashtra",MOIL_DONGRI_BUZURG,998.68,845.67,37.50,24.64,16.66,90.09,5.08,813.22,891.54,NASA POWER Daily API (Regional Gridded 0.5deg),public_reference,simulated,simulated,26009
2021-09-06,DEMO-01,"Dongri Buzurg Mine demo area, Bhandara, Maharashtra",MOIL_DONGRI_BUZURG,995.57,896.35,117.24,37.50,10.52,93.74,6.34,845.67,878.93,NASA POWER Daily API (Regional Gridded 0.5deg),public_reference,simulated,simulated,26009
2021-09-13,DEMO-01,"Dongri Buzurg Mine demo area, Bhandara, Maharashtra",MOIL_DONGRI_BUZURG,980.98,904.38,107.78,117.24,7.15,95.74,0.82,896.35,871.58,NASA POWER Daily API (Regional Gridded 0.5deg),public_reference,simulated,simulated,26009
2021-09-20,DEMO-01,"Dongri Buzurg Mine demo area, Bhandara, Maharashtra",MOIL_DONGRI_BUZURG,1003.20,895.73,60.67,107.78,17.32,89.69,2.22,904.38,864.91,NASA POWER Daily API (Regional Gridded 0.5deg),public_reference,simulated,simulated,26009
2021-09-27,DEMO-01,"Dongri Buzurg Mine demo area, Bhandara, Maharashtra",MOIL_DONGRI_BUZURG,964.55,830.62,35.44,60.67,15.69,90.66,3.78,895.73,885.53,NASA POWER Daily API (Regional Gridded 0.5deg),public_reference,simulated,simulated,26009
2021-10-04,DEMO-01,"Dongri Buzurg Mine demo area, Bhandara, Maharashtra",MOIL_DONGRI_BUZURG,980.88,855.19,9.61,35.44,20.73,87.66,3.80,830.62,881.77,NASA POWER Daily API (Regional Gridded 0.5deg),public_reference,simulated,simulated,26009
2021-10-11,DEMO-01,"Dongri Buzurg Mine demo area, Bhandara, Maharashtra",MOIL_DONGRI_BUZURG,976.41,855.29,4.28,9.61,12.50,92.56,6.17,855.19,871.48,NASA POWER Daily API (Regional Gridded 0.5deg),public_reference,simulated,simulated,26009
2021-10-18,DEMO-01,"Dongri Buzurg Mine demo area, Bhandara, Maharashtra",MOIL_DONGRI_BUZURG,975.72,859.68,2.77,4.28,22.15,86.81,5.05,855.29,859.21,NASA POWER Daily API (Regional Gridded 0.5deg),public_reference,simulated,simulated,26009
2021-10-25,DEMO-01,"Dongri Buzurg Mine demo area, Bhandara, Maharashtra",MOIL_DONGRI_BUZURG,997.18,898.77,0.00,2.77,14.94,91.11,5.74,859.68,850.19,NASA POWER Daily API (Regional Gridded 0.5deg),public_reference,simulated,simulated,26009
2021-11-01,DEMO-01,"Dongri Buzurg Mine demo area, Bhandara, Maharashtra",MOIL_DONGRI_BUZURG,1000.90,966.83,0.01,0.00,7.08,95.78,3.10,898.77,867.23,NASA POWER Daily API (Regional Gridded 0.5deg),public_reference,simulated,simulated,26009
2021-11-08,DEMO-01,"Dongri Buzurg Mine demo area, Bhandara, Maharashtra",MOIL_DONGRI_BUZURG,979.27,871.18,0.07,0.01,11.67,93.05,5.18,966.83,895.14,NASA POWER Daily API (Regional Gridded 0.5deg),public_reference,simulated,simulated,26009
2021-11-15,DEMO-01,"Dongri Buzurg Mine demo area, Bhandara, Maharashtra",MOIL_DONGRI_BUZURG,991.88,942.84,7.99,0.07,5.53,96.71,2.59,871.18,899.12,NASA POWER Daily API (Regional Gridded 0.5deg),public_reference,simulated,simulated,26009
2021-11-22,DEMO-01,"Dongri Buzurg Mine demo area, Bhandara, Maharashtra",MOIL_DONGRI_BUZURG,984.72,912.57,2.37,7.99,8.51,94.94,4.84,942.84,919.91,NASA POWER Daily API (Regional Gridded 0.5deg),public_reference,simulated,simulated,26009
2021-11-29,DEMO-01,"Dongri Buzurg Mine demo area, Bhandara, Maharashtra",MOIL_DONGRI_BUZURG,993.56,899.22,0.00,2.37,13.74,91.82,4.16,912.57,923.36,NASA POWER Daily API (Regional Gridded 0.5deg),public_reference,simulated,simulated,26009
2021-12-06,DEMO-01,"Dongri Buzurg Mine demo area, Bhandara, Maharashtra",MOIL_DONGRI_BUZURG,979.15,930.58,0.00,0.00,3.95,97.65,0.82,899.22,906.45,NASA POWER Daily API (Regional Gridded 0.5deg),public_reference,simulated,simulated,26009
2021-12-13,DEMO-01,"Dongri Buzurg Mine demo area, Bhandara, Maharashtra",MOIL_DONGRI_BUZURG,977.41,893.25,0.00,0.00,20.36,87.88,5.80,930.58,921.30,NASA POWER Daily API (Regional Gridded 0.5deg),public_reference,simulated,simulated,26009
2021-12-20,DEMO-01,"Dongri Buzurg Mine demo area, Bhandara, Maharashtra",MOIL_DONGRI_BUZURG,968.45,859.31,0.00,0.00,14.06,91.63,6.72,893.25,908.91,NASA POWER Daily API (Regional Gridded 0.5deg),public_reference,simulated,simulated,26009
2021-12-27,DEMO-01,"Dongri Buzurg Mine demo area, Bhandara, Maharashtra",MOIL_DONGRI_BUZURG,973.27,905.07,34.64,0.00,14.35,91.46,4.08,859.31,895.59,NASA POWER Daily API (Regional Gridded 0.5deg),public_reference,simulated,simulated,26009
2022-01-03,DEMO-01,"Dongri Buzurg Mine demo area, Bhandara, Maharashtra",MOIL_DONGRI_BUZURG,987.69,902.23,9.79,34.64,21.75,87.05,1.12,905.07,897.05,NASA POWER Daily API (Regional Gridded 0.5deg),public_reference,simulated,simulated,26009
2022-01-10,DEMO-01,"Dongri Buzurg Mine demo area, Bhandara, Maharashtra",MOIL_DONGRI_BUZURG,990.77,904.45,21.96,9.79,18.62,88.92,5.05,902.23,889.96,NASA POWER Daily API (Regional Gridded 0.5deg),public_reference,simulated,simulated,26009
2022-01-17,DEMO-01,"Dongri Buzurg Mine demo area, Bhandara, Maharashtra",MOIL_DONGRI_BUZURG,1007.50,960.68,3.22,21.96,3.59,97.86,3.30,904.45,892.76,NASA POWER Daily API (Regional Gridded 0.5deg),public_reference,simulated,simulated,26009
2022-01-24,DEMO-01,"Dongri Buzurg Mine demo area, Bhandara, Maharashtra",MOIL_DONGRI_BUZURG,1009.99,931.67,0.00,3.22,20.43,87.84,4.16,960.68,918.11,NASA POWER Daily API (Regional Gridded 0.5deg),public_reference,simulated,simulated,26009
2022-01-31,DEMO-01,"Dongri Buzurg Mine demo area, Bhandara, Maharashtra",MOIL_DONGRI_BUZURG,1009.37,950.44,0.45,0.00,5.04,97.00,7.87,931.67,924.76,NASA POWER Daily API (Regional Gridded 0.5deg),public_reference,simulated,simulated,26009
2022-02-07,DEMO-01,"Dongri Buzurg Mine demo area, Bhandara, Maharashtra",MOIL_DONGRI_BUZURG,1023.90,953.63,4.58,0.45,9.39,94.41,0.58,950.44,936.81,NASA POWER Daily API (Regional Gridded 0.5deg),public_reference,simulated,simulated,26009
2022-02-14,DEMO-01,"Dongri Buzurg Mine demo area, Bhandara, Maharashtra",MOIL_DONGRI_BUZURG,1009.95,944.73,2.55,4.58,0.69,99.59,3.94,953.63,949.11,NASA POWER Daily API (Regional Gridded 0.5deg),public_reference,simulated,simulated,26009
2022-02-21,DEMO-01,"Dongri Buzurg Mine demo area, Bhandara, Maharashtra",MOIL_DONGRI_BUZURG,987.36,935.52,0.77,2.55,8.85,94.73,3.39,944.73,945.12,NASA POWER Daily API (Regional Gridded 0.5deg),public_reference,simulated,simulated,26009
2022-02-28,DEMO-01,"Dongri Buzurg Mine demo area, Bhandara, Maharashtra",MOIL_DONGRI_BUZURG,1022.29,931.50,0.86,0.77,12.95,92.29,3.63,935.52,946.08,NASA POWER Daily API (Regional Gridded 0.5deg),public_reference,simulated,simulated,26009
2022-03-07,DEMO-01,"Dongri Buzurg Mine demo area, Bhandara, Maharashtra",MOIL_DONGRI_BUZURG,1023.28,948.73,0.00,0.86,6.19,96.31,3.59,931.50,941.35,NASA POWER Daily API (Regional Gridded 0.5deg),public_reference,simulated,simulated,26009
2022-03-14,DEMO-01,"Dongri Buzurg Mine demo area, Bhandara, Maharashtra",MOIL_DONGRI_BUZURG,1021.41,947.75,0.00,0.00,22.58,86.56,0.21,948.73,940.12,NASA POWER Daily API (Regional Gridded 0.5deg),public_reference,simulated,simulated,26009
2022-03-21,DEMO-01,"Dongri Buzurg Mine demo area, Bhandara, Maharashtra",MOIL_DONGRI_BUZURG,1011.25,946.89,0.00,0.00,5.82,96.53,1.85,947.75,940.88,NASA POWER Daily API (Regional Gridded 0.5deg),public_reference,simulated,simulated,26009
2022-03-28,DEMO-01,"Dongri Buzurg Mine demo area, Bhandara, Maharashtra",MOIL_DONGRI_BUZURG,1014.28,957.43,0.00,0.00,3.71,97.79,4.50,946.89,943.72,NASA POWER Daily API (Regional Gridded 0.5deg),public_reference,simulated,simulated,26009
2022-04-04,DEMO-01,"Dongri Buzurg Mine demo area, Bhandara, Maharashtra",MOIL_DONGRI_BUZURG,1018.22,982.91,0.00,0.00,3.32,98.03,0.39,957.43,950.20,NASA POWER Daily API (Regional Gridded 0.5deg),public_reference,simulated,simulated,26009
2022-04-11,DEMO-01,"Dongri Buzurg Mine demo area, Bhandara, Maharashtra",MOIL_DONGRI_BUZURG,1005.64,954.98,0.00,0.00,5.31,96.84,4.90,982.91,958.74,NASA POWER Daily API (Regional Gridded 0.5deg),public_reference,simulated,simulated,26009
2022-04-18,DEMO-01,"Dongri Buzurg Mine demo area, Bhandara, Maharashtra",MOIL_DONGRI_BUZURG,1027.31,933.01,1.21,0.00,16.23,90.34,5.67,954.98,960.55,NASA POWER Daily API (Regional Gridded 0.5deg),public_reference,simulated,simulated,26009
2022-04-25,DEMO-01,"Dongri Buzurg Mine demo area, Bhandara, Maharashtra",MOIL_DONGRI_BUZURG,1026.81,893.66,0.00,1.21,14.95,91.10,6.47,933.01,957.08,NASA POWER Daily API (Regional Gridded 0.5deg),public_reference,simulated,simulated,26009
2022-05-02,DEMO-01,"Dongri Buzurg Mine demo area, Bhandara, Maharashtra",MOIL_DONGRI_BUZURG,993.20,865.08,0.25,0.00,13.37,92.04,7.06,893.66,941.14,NASA POWER Daily API (Regional Gridded 0.5deg),public_reference,simulated,simulated,26009
2022-05-09,DEMO-01,"Dongri Buzurg Mine demo area, Bhandara, Maharashtra",MOIL_DONGRI_BUZURG,1012.00,907.31,0.79,0.25,26.39,84.29,1.28,865.08,911.68,NASA POWER Daily API (Regional Gridded 0.5deg),public_reference,simulated,simulated,26009
2022-05-16,DEMO-01,"Dongri Buzurg Mine demo area, Bhandara, Maharashtra",MOIL_DONGRI_BUZURG,982.72,968.43,1.26,0.79,10.06,94.01,1.12,907.31,899.77,NASA POWER Daily API (Regional Gridded 0.5deg),public_reference,simulated,simulated,26009
2022-05-23,DEMO-01,"Dongri Buzurg Mine demo area, Bhandara, Maharashtra",MOIL_DONGRI_BUZURG,1021.95,965.73,4.76,1.26,8.55,94.91,0.58,968.43,908.62,NASA POWER Daily API (Regional Gridded 0.5deg),public_reference,simulated,simulated,26009
2022-05-30,DEMO-01,"Dongri Buzurg Mine demo area, Bhandara, Maharashtra",MOIL_DONGRI_BUZURG,1010.97,959.47,0.33,4.76,7.50,95.54,4.80,965.73,926.64,NASA POWER Daily API (Regional Gridded 0.5deg),public_reference,simulated,simulated,26009
2022-06-06,DEMO-01,"Dongri Buzurg Mine demo area, Bhandara, Maharashtra",MOIL_DONGRI_BUZURG,996.77,893.54,5.37,0.33,15.93,90.52,6.40,959.47,950.23,NASA POWER Daily API (Regional Gridded 0.5deg),public_reference,simulated,simulated,26009
2022-06-13,DEMO-01,"Dongri Buzurg Mine demo area, Bhandara, Maharashtra",MOIL_DONGRI_BUZURG,1000.99,903.18,62.82,5.37,17.04,89.86,1.99,893.54,946.79,NASA POWER Daily API (Regional Gridded 0.5deg),public_reference,simulated,simulated,26009
2022-06-20,DEMO-01,"Dongri Buzurg Mine demo area, Bhandara, Maharashtra",MOIL_DONGRI_BUZURG,1011.31,912.82,42.52,62.82,21.97,86.92,1.06,903.18,930.48,NASA POWER Daily API (Regional Gridded 0.5deg),public_reference,simulated,simulated,26009
2022-06-27,DEMO-01,"Dongri Buzurg Mine demo area, Bhandara, Maharashtra",MOIL_DONGRI_BUZURG,1015.62,911.61,65.99,42.52,24.62,85.34,1.33,912.82,917.25,NASA POWER Daily API (Regional Gridded 0.5deg),public_reference,simulated,simulated,26009
2022-07-04,DEMO-01,"Dongri Buzurg Mine demo area, Bhandara, Maharashtra",MOIL_DONGRI_BUZURG,989.66,860.93,122.34,65.99,15.56,90.74,7.85,911.61,905.29,NASA POWER Daily API (Regional Gridded 0.5deg),public_reference,simulated,simulated,26009
2022-07-11,DEMO-01,"Dongri Buzurg Mine demo area, Bhandara, Maharashtra",MOIL_DONGRI_BUZURG,1007.79,901.10,232.72,122.34,8.92,94.69,1.58,860.93,897.14,NASA POWER Daily API (Regional Gridded 0.5deg),public_reference,simulated,simulated,26009
2022-07-18,DEMO-01,"Dongri Buzurg Mine demo area, Bhandara, Maharashtra",MOIL_DONGRI_BUZURG,1000.17,844.78,84.36,232.72,6.66,96.03,3.61,901.10,896.62,NASA POWER Daily API (Regional Gridded 0.5deg),public_reference,simulated,simulated,26009
2022-07-25,DEMO-01,"Dongri Buzurg Mine demo area, Bhandara, Maharashtra",MOIL_DONGRI_BUZURG,991.97,884.98,48.64,84.36,4.47,97.34,3.32,844.78,879.61,NASA POWER Daily API (Regional Gridded 0.5deg),public_reference,simulated,simulated,26009
2022-08-01,DEMO-01,"Dongri Buzurg Mine demo area, Bhandara, Maharashtra",MOIL_DONGRI_BUZURG,992.62,926.97,62.68,48.64,2.89,98.28,4.30,884.98,872.95,NASA POWER Daily API (Regional Gridded 0.5deg),public_reference,simulated,simulated,26009
2022-08-08,DEMO-01,"Dongri Buzurg Mine demo area, Bhandara, Maharashtra",MOIL_DONGRI_BUZURG,1004.31,932.00,274.26,62.68,17.89,89.35,1.74,926.97,889.46,NASA POWER Daily API (Regional Gridded 0.5deg),public_reference,simulated,simulated,26009
2022-08-15,DEMO-01,"Dongri Buzurg Mine demo area, Bhandara, Maharashtra",MOIL_DONGRI_BUZURG,973.42,779.98,125.53,274.26,8.06,95.20,3.76,932.00,897.18,NASA POWER Daily API (Regional Gridded 0.5deg),public_reference,simulated,simulated,26009
2022-08-22,DEMO-01,"Dongri Buzurg Mine demo area, Bhandara, Maharashtra",MOIL_DONGRI_BUZURG,977.57,781.89,19.88,125.53,16.44,90.22,8.47,779.98,880.98,NASA POWER Daily API (Regional Gridded 0.5deg),public_reference,simulated,simulated,26009
2022-08-29,DEMO-01,"Dongri Buzurg Mine demo area, Bhandara, Maharashtra",MOIL_DONGRI_BUZURG,979.57,891.51,35.67,19.88,18.76,88.83,0.66,781.89,855.21,NASA POWER Daily API (Regional Gridded 0.5deg),public_reference,simulated,simulated,26009
2022-09-05,DEMO-01,"Dongri Buzurg Mine demo area, Bhandara, Maharashtra",MOIL_DONGRI_BUZURG,987.64,945.68,29.55,35.67,7.99,95.24,2.11,891.51,846.35,NASA POWER Daily API (Regional Gridded 0.5deg),public_reference,simulated,simulated,26009
2022-09-12,DEMO-01,"Dongri Buzurg Mine demo area, Bhandara, Maharashtra",MOIL_DONGRI_BUZURG,975.34,897.25,167.33,29.55,3.83,97.72,4.93,945.68,849.77,NASA POWER Daily API (Regional Gridded 0.5deg),public_reference,simulated,simulated,26009
2022-09-19,DEMO-01,"Dongri Buzurg Mine demo area, Bhandara, Maharashtra",MOIL_DONGRI_BUZURG,967.90,785.51,67.57,167.33,10.66,93.66,5.31,897.25,879.08,NASA POWER Daily API (Regional Gridded 0.5deg),public_reference,simulated,simulated,26009
2022-09-26,DEMO-01,"Dongri Buzurg Mine demo area, Bhandara, Maharashtra",MOIL_DONGRI_BUZURG,978.48,824.63,5.87,67.57,26.50,84.23,3.40,785.51,879.99,NASA POWER Daily API (Regional Gridded 0.5deg),public_reference,simulated,simulated,26009
2022-10-03,DEMO-01,"Dongri Buzurg Mine demo area, Bhandara, Maharashtra",MOIL_DONGRI_BUZURG,977.22,927.90,16.06,5.87,4.47,97.34,1.03,824.63,863.27,NASA POWER Daily API (Regional Gridded 0.5deg),public_reference,simulated,simulated,26009
2022-10-10,DEMO-01,"Dongri Buzurg Mine demo area, Bhandara, Maharashtra",MOIL_DONGRI_BUZURG,988.31,908.74,62.97,16.06,20.00,88.10,3.70,927.90,858.82,NASA POWER Daily API (Regional Gridded 0.5deg),public_reference,simulated,simulated,26009
2022-10-17,DEMO-01,"Dongri Buzurg Mine demo area, Bhandara, Maharashtra",MOIL_DONGRI_BUZURG,1000.68,904.52,16.43,62.97,22.21,86.78,4.95,908.74,861.70,NASA POWER Daily API (Regional Gridded 0.5deg),public_reference,simulated,simulated,26009
2022-10-24,DEMO-01,"Dongri Buzurg Mine demo area, Bhandara, Maharashtra",MOIL_DONGRI_BUZURG,978.69,861.06,0.00,16.43,15.31,90.88,3.95,904.52,891.45,NASA POWER Daily API (Regional Gridded 0.5deg),public_reference,simulated,simulated,26009
2022-10-31,DEMO-01,"Dongri Buzurg Mine demo area, Bhandara, Maharashtra",MOIL_DONGRI_BUZURG,972.91,911.73,0.00,0.00,7.58,95.49,1.17,861.06,900.56,NASA POWER Daily API (Regional Gridded 0.5deg),public_reference,simulated,simulated,26009
2022-11-07,DEMO-01,"Dongri Buzurg Mine demo area, Bhandara, Maharashtra",MOIL_DONGRI_BUZURG,992.93,935.37,0.00,0.00,8.78,94.78,4.51,911.73,896.51,NASA POWER Daily API (Regional Gridded 0.5deg),public_reference,simulated,simulated,26009
2022-11-14,DEMO-01,"Dongri Buzurg Mine demo area, Bhandara, Maharashtra",MOIL_DONGRI_BUZURG,991.15,937.29,0.00,0.00,7.19,95.72,7.59,935.37,903.17,NASA POWER Daily API (Regional Gridded 0.5deg),public_reference,simulated,simulated,26009
2022-11-21,DEMO-01,"Dongri Buzurg Mine demo area, Bhandara, Maharashtra",MOIL_DONGRI_BUZURG,984.80,889.58,0.00,0.00,14.30,91.49,5.31,937.29,911.36,NASA POWER Daily API (Regional Gridded 0.5deg),public_reference,simulated,simulated,26009
2022-11-28,DEMO-01,"Dongri Buzurg Mine demo area, Bhandara, Maharashtra",MOIL_DONGRI_BUZURG,999.49,927.12,0.00,0.00,13.39,92.03,2.16,889.58,918.49,NASA POWER Daily API (Regional Gridded 0.5deg),public_reference,simulated,simulated,26009
2022-12-05,DEMO-01,"Dongri Buzurg Mine demo area, Bhandara, Maharashtra",MOIL_DONGRI_BUZURG,993.48,899.59,0.00,0.00,24.57,85.38,3.56,927.12,922.34,NASA POWER Daily API (Regional Gridded 0.5deg),public_reference,simulated,simulated,26009
2022-12-12,DEMO-01,"Dongri Buzurg Mine demo area, Bhandara, Maharashtra",MOIL_DONGRI_BUZURG,1000.27,916.02,1.67,0.00,6.72,96.00,6.40,899.59,913.40,NASA POWER Daily API (Regional Gridded 0.5deg),public_reference,simulated,simulated,26009
2022-12-19,DEMO-01,"Dongri Buzurg Mine demo area, Bhandara, Maharashtra",MOIL_DONGRI_BUZURG,1014.30,943.02,0.00,1.67,20.38,87.87,0.81,916.02,908.08,NASA POWER Daily API (Regional Gridded 0.5deg),public_reference,simulated,simulated,26009
2022-12-26,DEMO-01,"Dongri Buzurg Mine demo area, Bhandara, Maharashtra",MOIL_DONGRI_BUZURG,999.61,927.07,0.00,0.00,4.79,97.15,5.42,943.02,921.44,NASA POWER Daily API (Regional Gridded 0.5deg),public_reference,simulated,simulated,26009
2023-01-02,DEMO-01,"Dongri Buzurg Mine demo area, Bhandara, Maharashtra",MOIL_DONGRI_BUZURG,997.33,985.10,1.54,0.00,2.27,98.65,2.73,927.07,921.43,NASA POWER Daily API (Regional Gridded 0.5deg),public_reference,simulated,simulated,26009
2023-01-09,DEMO-01,"Dongri Buzurg Mine demo area, Bhandara, Maharashtra",MOIL_DONGRI_BUZURG,1001.64,915.74,0.00,1.54,19.48,88.41,6.52,985.10,942.80,NASA POWER Daily API (Regional Gridded 0.5deg),public_reference,simulated,simulated,26009
2023-01-16,DEMO-01,"Dongri Buzurg Mine demo area, Bhandara, Maharashtra",MOIL_DONGRI_BUZURG,993.68,917.95,0.00,0.00,14.98,91.08,0.48,915.74,942.73,NASA POWER Daily API (Regional Gridded 0.5deg),public_reference,simulated,simulated,26009
2023-01-23,DEMO-01,"Dongri Buzurg Mine demo area, Bhandara, Maharashtra",MOIL_DONGRI_BUZURG,1016.44,885.67,0.00,0.00,12.00,92.86,8.11,917.95,936.47,NASA POWER Daily API (Regional Gridded 0.5deg),public_reference,simulated,simulated,26009
2023-01-30,DEMO-01,"Dongri Buzurg Mine demo area, Bhandara, Maharashtra",MOIL_DONGRI_BUZURG,998.87,926.51,0.04,0.00,3.20,98.09,4.38,885.67,926.12,NASA POWER Daily API (Regional Gridded 0.5deg),public_reference,simulated,simulated,26009
2023-02-06,DEMO-01,"Dongri Buzurg Mine demo area, Bhandara, Maharashtra",MOIL_DONGRI_BUZURG,1014.41,969.56,0.00,0.04,1.86,98.89,2.05,926.51,911.47,NASA POWER Daily API (Regional Gridded 0.5deg),public_reference,simulated,simulated,26009
2023-02-13,DEMO-01,"Dongri Buzurg Mine demo area, Bhandara, Maharashtra",MOIL_DONGRI_BUZURG,999.00,926.68,0.00,0.00,8.46,94.97,6.81,969.56,924.92,NASA POWER Daily API (Regional Gridded 0.5deg),public_reference,simulated,simulated,26009
2023-02-20,DEMO-01,"Dongri Buzurg Mine demo area, Bhandara, Maharashtra",MOIL_DONGRI_BUZURG,1013.11,979.23,0.00,0.00,9.46,94.37,0.43,926.68,927.11,NASA POWER Daily API (Regional Gridded 0.5deg),public_reference,simulated,simulated,26009
2023-02-27,DEMO-01,"Dongri Buzurg Mine demo area, Bhandara, Maharashtra",MOIL_DONGRI_BUZURG,1011.10,946.11,0.00,0.00,23.69,85.90,3.05,979.23,950.50,NASA POWER Daily API (Regional Gridded 0.5deg),public_reference,simulated,simulated,26009
2023-03-06,DEMO-01,"Dongri Buzurg Mine demo area, Bhandara, Maharashtra",MOIL_DONGRI_BUZURG,993.73,924.88,0.33,0.00,10.29,93.88,0.77,946.11,955.40,NASA POWER Daily API (Regional Gridded 0.5deg),public_reference,simulated,simulated,26009
2023-03-13,DEMO-01,"Dongri Buzurg Mine demo area, Bhandara, Maharashtra",MOIL_DONGRI_BUZURG,1025.19,948.35,18.59,0.33,13.55,91.93,3.05,924.88,944.23,NASA POWER Daily API (Regional Gridded 0.5deg),public_reference,simulated,simulated,26009
2023-03-20,DEMO-01,"Dongri Buzurg Mine demo area, Bhandara, Maharashtra",MOIL_DONGRI_BUZURG,1013.48,856.22,11.16,18.59,19.10,88.63,8.24,948.35,949.64,NASA POWER Daily API (Regional Gridded 0.5deg),public_reference,simulated,simulated,26009
2023-03-27,DEMO-01,"Dongri Buzurg Mine demo area, Bhandara, Maharashtra",MOIL_DONGRI_BUZURG,1050.85,987.65,1.29,11.16,10.62,93.68,2.01,856.22,918.89,NASA POWER Daily API (Regional Gridded 0.5deg),public_reference,simulated,simulated,26009
2023-04-03,DEMO-01,"Dongri Buzurg Mine demo area, Bhandara, Maharashtra",MOIL_DONGRI_BUZURG,1008.84,933.52,5.02,1.29,7.74,95.39,3.29,987.65,929.28,NASA POWER Daily API (Regional Gridded 0.5deg),public_reference,simulated,simulated,26009
2023-04-10,DEMO-01,"Dongri Buzurg Mine demo area, Bhandara, Maharashtra",MOIL_DONGRI_BUZURG,1030.73,951.87,3.47,5.02,15.11,91.00,4.67,933.52,931.44,NASA POWER Daily API (Regional Gridded 0.5deg),public_reference,simulated,simulated,26009
2023-04-17,DEMO-01,"Dongri Buzurg Mine demo area, Bhandara, Maharashtra",MOIL_DONGRI_BUZURG,1003.17,886.50,10.73,3.47,25.38,84.89,5.20,951.87,932.32,NASA POWER Daily API (Regional Gridded 0.5deg),public_reference,simulated,simulated,26009
2023-04-24,DEMO-01,"Dongri Buzurg Mine demo area, Bhandara, Maharashtra",MOIL_DONGRI_BUZURG,1021.23,972.60,61.43,10.73,5.27,96.86,0.71,886.50,939.89,NASA POWER Daily API (Regional Gridded 0.5deg),public_reference,simulated,simulated,26009
2023-05-01,DEMO-01,"Dongri Buzurg Mine demo area, Bhandara, Maharashtra",MOIL_DONGRI_BUZURG,1013.70,870.71,28.32,61.43,27.82,83.44,2.33,972.60,936.12,NASA POWER Daily API (Regional Gridded 0.5deg),public_reference,simulated,simulated,26009
2023-05-08,DEMO-01,"Dongri Buzurg Mine demo area, Bhandara, Maharashtra",MOIL_DONGRI_BUZURG,1010.45,947.50,0.56,28.32,3.36,98.00,5.32,870.71,920.42,NASA POWER Daily API (Regional Gridded 0.5deg),public_reference,simulated,simulated,26009
2023-05-15,DEMO-01,"Dongri Buzurg Mine demo area, Bhandara, Maharashtra",MOIL_DONGRI_BUZURG,1023.14,938.49,0.32,0.56,6.66,96.04,3.67,947.50,919.33,NASA POWER Daily API (Regional Gridded 0.5deg),public_reference,simulated,simulated,26009
2023-05-22,DEMO-01,"Dongri Buzurg Mine demo area, Bhandara, Maharashtra",MOIL_DONGRI_BUZURG,1005.70,976.38,5.20,0.32,6.11,96.36,0.90,938.49,932.32,NASA POWER Daily API (Regional Gridded 0.5deg),public_reference,simulated,simulated,26009
2023-05-29,DEMO-01,"Dongri Buzurg Mine demo area, Bhandara, Maharashtra",MOIL_DONGRI_BUZURG,1025.80,931.54,2.31,5.20,14.71,91.24,4.46,976.38,933.27,NASA POWER Daily API (Regional Gridded 0.5deg),public_reference,simulated,simulated,26009
2023-06-05,DEMO-01,"Dongri Buzurg Mine demo area, Bhandara, Maharashtra",MOIL_DONGRI_BUZURG,1007.56,947.00,0.27,2.31,15.81,90.59,1.57,931.54,948.48,NASA POWER Daily API (Regional Gridded 0.5deg),public_reference,simulated,simulated,26009
2023-06-12,DEMO-01,"Dongri Buzurg Mine demo area, Bhandara, Maharashtra",MOIL_DONGRI_BUZURG,1012.83,935.72,0.76,0.27,7.29,95.66,5.06,947.00,948.35,NASA POWER Daily API (Regional Gridded 0.5deg),public_reference,simulated,simulated,26009
2023-06-19,DEMO-01,"Dongri Buzurg Mine demo area, Bhandara, Maharashtra",MOIL_DONGRI_BUZURG,996.48,903.98,49.59,0.76,18.40,89.05,2.63,935.72,947.66,NASA POWER Daily API (Regional Gridded 0.5deg),public_reference,simulated,simulated,26009
2023-06-26,DEMO-01,"Dongri Buzurg Mine demo area, Bhandara, Maharashtra",MOIL_DONGRI_BUZURG,1008.45,896.71,140.73,49.59,11.18,93.35,5.77,903.98,929.56,NASA POWER Daily API (Regional Gridded 0.5deg),public_reference,simulated,simulated,26009
2023-07-03,DEMO-01,"Dongri Buzurg Mine demo area, Bhandara, Maharashtra",MOIL_DONGRI_BUZURG,999.09,878.18,140.73,140.73,2.33,98.62,4.12,896.71,920.85,NASA POWER Daily API (Regional Gridded 0.5deg),public_reference,simulated,simulated,26009
2023-07-10,DEMO-01,"Dongri Buzurg Mine demo area, Bhandara, Maharashtra",MOIL_DONGRI_BUZURG,989.71,843.87,102.15,140.73,8.13,95.16,7.07,878.18,903.65,NASA POWER Daily API (Regional Gridded 0.5deg),public_reference,simulated,simulated,26009
2023-07-17,DEMO-01,"Dongri Buzurg Mine demo area, Bhandara, Maharashtra",MOIL_DONGRI_BUZURG,982.70,916.86,107.68,102.15,1.03,99.39,3.67,843.87,880.68,NASA POWER Daily API (Regional Gridded 0.5deg),public_reference,simulated,simulated,26009
2023-07-24,DEMO-01,"Dongri Buzurg Mine demo area, Bhandara, Maharashtra",MOIL_DONGRI_BUZURG,991.29,855.60,75.57,107.68,10.58,93.70,2.49,916.86,883.90,NASA POWER Daily API (Regional Gridded 0.5deg),public_reference,simulated,simulated,26009
2023-07-31,DEMO-01,"Dongri Buzurg Mine demo area, Bhandara, Maharashtra",MOIL_DONGRI_BUZURG,978.87,824.20,96.98,75.57,10.46,93.77,8.15,855.60,873.63,NASA POWER Daily API (Regional Gridded 0.5deg),public_reference,simulated,simulated,26009
2023-08-07,DEMO-01,"Dongri Buzurg Mine demo area, Bhandara, Maharashtra",MOIL_DONGRI_BUZURG,986.19,797.65,3.14,96.98,19.06,88.65,5.93,824.20,860.13,NASA POWER Daily API (Regional Gridded 0.5deg),public_reference,simulated,simulated,26009
2023-08-14,DEMO-01,"Dongri Buzurg Mine demo area, Bhandara, Maharashtra",MOIL_DONGRI_BUZURG,989.94,913.51,94.86,3.14,17.44,89.62,1.68,797.65,848.58,NASA POWER Daily API (Regional Gridded 0.5deg),public_reference,simulated,simulated,26009
2023-08-21,DEMO-01,"Dongri Buzurg Mine demo area, Bhandara, Maharashtra",MOIL_DONGRI_BUZURG,999.07,877.96,26.62,94.86,23.08,86.26,2.19,913.51,847.74,NASA POWER Daily API (Regional Gridded 0.5deg),public_reference,simulated,simulated,26009
2023-08-28,DEMO-01,"Dongri Buzurg Mine demo area, Bhandara, Maharashtra",MOIL_DONGRI_BUZURG,986.33,894.63,37.24,26.62,9.69,94.23,3.65,877.96,853.33,NASA POWER Daily API (Regional Gridded 0.5deg),public_reference,simulated,simulated,26009
2023-09-04,DEMO-01,"Dongri Buzurg Mine demo area, Bhandara, Maharashtra",MOIL_DONGRI_BUZURG,977.54,893.28,91.52,37.24,17.41,89.63,0.24,894.63,870.94,NASA POWER Daily API (Regional Gridded 0.5deg),public_reference,simulated,simulated,26009
2023-09-11,DEMO-01,"Dongri Buzurg Mine demo area, Bhandara, Maharashtra",MOIL_DONGRI_BUZURG,972.28,840.58,130.72,91.52,13.52,91.95,3.57,893.28,894.84,NASA POWER Daily API (Regional Gridded 0.5deg),public_reference,simulated,simulated,26009
2023-09-18,DEMO-01,"Dongri Buzurg Mine demo area, Bhandara, Maharashtra",MOIL_DONGRI_BUZURG,971.68,837.21,93.38,130.72,6.22,96.30,5.08,840.58,876.61,NASA POWER Daily API (Regional Gridded 0.5deg),public_reference,simulated,simulated,26009
2023-09-25,DEMO-01,"Dongri Buzurg Mine demo area, Bhandara, Maharashtra",MOIL_DONGRI_BUZURG,977.54,867.70,5.27,93.38,18.05,89.26,1.66,837.21,866.42,NASA POWER Daily API (Regional Gridded 0.5deg),public_reference,simulated,simulated,26009
2023-10-02,DEMO-01,"Dongri Buzurg Mine demo area, Bhandara, Maharashtra",MOIL_DONGRI_BUZURG,968.95,935.11,3.29,5.27,7.50,95.53,3.21,867.70,859.69,NASA POWER Daily API (Regional Gridded 0.5deg),public_reference,simulated,simulated,26009
2023-10-09,DEMO-01,"Dongri Buzurg Mine demo area, Bhandara, Maharashtra",MOIL_DONGRI_BUZURG,963.42,921.93,0.09,3.29,18.80,88.81,2.39,935.11,870.15,NASA POWER Daily API (Regional Gridded 0.5deg),public_reference,simulated,simulated,26009
2023-10-16,DEMO-01,"Dongri Buzurg Mine demo area, Bhandara, Maharashtra",MOIL_DONGRI_BUZURG,982.54,886.20,0.23,0.09,12.27,92.70,3.68,921.93,890.49,NASA POWER Daily API (Regional Gridded 0.5deg),public_reference,simulated,simulated,26009
2023-10-23,DEMO-01,"Dongri Buzurg Mine demo area, Bhandara, Maharashtra",MOIL_DONGRI_BUZURG,981.42,881.61,0.00,0.23,6.14,96.34,4.62,886.20,902.74,NASA POWER Daily API (Regional Gridded 0.5deg),public_reference,simulated,simulated,26009
2023-10-30,DEMO-01,"Dongri Buzurg Mine demo area, Bhandara, Maharashtra",MOIL_DONGRI_BUZURG,972.94,902.75,0.07,0.00,9.45,94.38,6.18,881.61,906.21,NASA POWER Daily API (Regional Gridded 0.5deg),public_reference,simulated,simulated,26009
2023-11-06,DEMO-01,"Dongri Buzurg Mine demo area, Bhandara, Maharashtra",MOIL_DONGRI_BUZURG,980.05,936.56,0.00,0.07,11.49,93.16,2.85,902.75,898.12,NASA POWER Daily API (Regional Gridded 0.5deg),public_reference,simulated,simulated,26009
2023-11-13,DEMO-01,"Dongri Buzurg Mine demo area, Bhandara, Maharashtra",MOIL_DONGRI_BUZURG,1005.11,930.76,0.00,0.00,13.77,91.80,4.81,936.56,901.78,NASA POWER Daily API (Regional Gridded 0.5deg),public_reference,simulated,simulated,26009
2023-11-20,DEMO-01,"Dongri Buzurg Mine demo area, Bhandara, Maharashtra",MOIL_DONGRI_BUZURG,1001.05,949.57,0.02,0.00,7.64,95.45,6.79,930.76,912.92,NASA POWER Daily API (Regional Gridded 0.5deg),public_reference,simulated,simulated,26009
2023-11-27,DEMO-01,"Dongri Buzurg Mine demo area, Bhandara, Maharashtra",MOIL_DONGRI_BUZURG,981.34,921.82,28.59,0.02,20.90,87.56,2.67,949.57,929.91,NASA POWER Daily API (Regional Gridded 0.5deg),public_reference,simulated,simulated,26009
2023-12-04,DEMO-01,"Dongri Buzurg Mine demo area, Bhandara, Maharashtra",MOIL_DONGRI_BUZURG,979.24,922.99,17.50,28.59,5.45,96.75,1.06,921.82,934.68,NASA POWER Daily API (Regional Gridded 0.5deg),public_reference,simulated,simulated,26009
2023-12-11,DEMO-01,"Dongri Buzurg Mine demo area, Bhandara, Maharashtra",MOIL_DONGRI_BUZURG,1003.54,944.68,0.00,17.50,18.77,88.83,4.15,922.99,931.29,NASA POWER Daily API (Regional Gridded 0.5deg),public_reference,simulated,simulated,26009
2023-12-18,DEMO-01,"Dongri Buzurg Mine demo area, Bhandara, Maharashtra",MOIL_DONGRI_BUZURG,1011.01,972.33,0.00,0.00,8.65,94.85,4.30,944.68,934.77,NASA POWER Daily API (Regional Gridded 0.5deg),public_reference,simulated,simulated,26009
2023-12-25,DEMO-01,"Dongri Buzurg Mine demo area, Bhandara, Maharashtra",MOIL_DONGRI_BUZURG,990.02,858.04,0.00,0.00,15.96,90.50,2.84,972.33,940.45,NASA POWER Daily API (Regional Gridded 0.5deg),public_reference,simulated,simulated,26009
2024-01-01,DEMO-01,"Dongri Buzurg Mine demo area, Bhandara, Maharashtra",MOIL_DONGRI_BUZURG,1008.98,934.31,4.83,0.00,8.61,94.88,3.44,858.04,924.51,NASA POWER Daily API (Regional Gridded 0.5deg),public_reference,simulated,simulated,26009
2024-01-08,DEMO-01,"Dongri Buzurg Mine demo area, Bhandara, Maharashtra",MOIL_DONGRI_BUZURG,991.91,896.83,0.01,4.83,14.82,91.18,6.78,934.31,927.34,NASA POWER Daily API (Regional Gridded 0.5deg),public_reference,simulated,simulated,26009
2024-01-15,DEMO-01,"Dongri Buzurg Mine demo area, Bhandara, Maharashtra",MOIL_DONGRI_BUZURG,996.71,877.09,2.40,0.01,14.44,91.41,4.97,896.83,915.38,NASA POWER Daily API (Regional Gridded 0.5deg),public_reference,simulated,simulated,26009
2024-01-22,DEMO-01,"Dongri Buzurg Mine demo area, Bhandara, Maharashtra",MOIL_DONGRI_BUZURG,1008.44,929.82,3.76,2.40,15.79,90.60,0.97,877.09,891.57,NASA POWER Daily API (Regional Gridded 0.5deg),public_reference,simulated,simulated,26009
2024-01-29,DEMO-01,"Dongri Buzurg Mine demo area, Bhandara, Maharashtra",MOIL_DONGRI_BUZURG,1018.66,988.85,0.90,3.76,6.64,96.05,1.94,929.82,909.51,NASA POWER Daily API (Regional Gridded 0.5deg),public_reference,simulated,simulated,26009
2024-02-05,DEMO-01,"Dongri Buzurg Mine demo area, Bhandara, Maharashtra",MOIL_DONGRI_BUZURG,1017.74,935.36,7.54,0.90,13.23,92.13,6.70,988.85,923.15,NASA POWER Daily API (Regional Gridded 0.5deg),public_reference,simulated,simulated,26009
2024-02-12,DEMO-01,"Dongri Buzurg Mine demo area, Bhandara, Maharashtra",MOIL_DONGRI_BUZURG,1008.24,984.88,1.98,7.54,1.43,99.15,0.88,935.36,932.78,NASA POWER Daily API (Regional Gridded 0.5deg),public_reference,simulated,simulated,26009
2024-02-19,DEMO-01,"Dongri Buzurg Mine demo area, Bhandara, Maharashtra",MOIL_DONGRI_BUZURG,1020.40,917.10,0.00,1.98,21.69,87.09,7.53,984.88,959.73,NASA POWER Daily API (Regional Gridded 0.5deg),public_reference,simulated,simulated,26009
2024-02-26,DEMO-01,"Dongri Buzurg Mine demo area, Bhandara, Maharashtra",MOIL_DONGRI_BUZURG,1028.32,950.44,4.73,0.00,15.14,90.99,2.75,917.10,956.55,NASA POWER Daily API (Regional Gridded 0.5deg),public_reference,simulated,simulated,26009
2024-03-04,DEMO-01,"Dongri Buzurg Mine demo area, Bhandara, Maharashtra",MOIL_DONGRI_BUZURG,1025.20,953.98,0.97,4.73,12.30,92.68,5.82,950.44,946.95,NASA POWER Daily API (Regional Gridded 0.5deg),public_reference,simulated,simulated,26009
2024-03-11,DEMO-01,"Dongri Buzurg Mine demo area, Bhandara, Maharashtra",MOIL_DONGRI_BUZURG,1029.64,934.79,3.41,0.97,5.07,96.98,5.82,953.98,951.60,NASA POWER Daily API (Regional Gridded 0.5deg),public_reference,simulated,simulated,26009
2024-03-18,DEMO-01,"Dongri Buzurg Mine demo area, Bhandara, Maharashtra",MOIL_DONGRI_BUZURG,1011.69,968.39,14.59,3.41,4.52,97.31,1.03,934.79,939.08,NASA POWER Daily API (Regional Gridded 0.5deg),public_reference,simulated,simulated,26009
2024-03-25,DEMO-01,"Dongri Buzurg Mine demo area, Bhandara, Maharashtra",MOIL_DONGRI_BUZURG,992.92,947.99,3.07,14.59,23.25,86.16,1.35,968.39,951.90,NASA POWER Daily API (Regional Gridded 0.5deg),public_reference,simulated,simulated,26009
2024-04-01,DEMO-01,"Dongri Buzurg Mine demo area, Bhandara, Maharashtra",MOIL_DONGRI_BUZURG,1015.59,944.39,1.33,3.07,5.95,96.46,7.06,947.99,951.29,NASA POWER Daily API (Regional Gridded 0.5deg),public_reference,simulated,simulated,26009
2024-04-08,DEMO-01,"Dongri Buzurg Mine demo area, Bhandara, Maharashtra",MOIL_DONGRI_BUZURG,1015.76,972.32,33.74,1.33,14.66,91.28,3.15,944.39,948.89,NASA POWER Daily API (Regional Gridded 0.5deg),public_reference,simulated,simulated,26009
2024-04-15,DEMO-01,"Dongri Buzurg Mine demo area, Bhandara, Maharashtra",MOIL_DONGRI_BUZURG,1016.31,988.75,1.87,33.74,3.93,97.66,1.72,972.32,958.27,NASA POWER Daily API (Regional Gridded 0.5deg),public_reference,simulated,simulated,26009
2024-04-22,DEMO-01,"Dongri Buzurg Mine demo area, Bhandara, Maharashtra",MOIL_DONGRI_BUZURG,1017.98,949.27,12.83,1.87,19.44,88.43,3.94,988.75,963.36,NASA POWER Daily API (Regional Gridded 0.5deg),public_reference,simulated,simulated,26009
2024-04-29,DEMO-01,"Dongri Buzurg Mine demo area, Bhandara, Maharashtra",MOIL_DONGRI_BUZURG,1027.54,932.02,3.16,12.83,18.32,89.10,4.62,949.27,963.68,NASA POWER Daily API (Regional Gridded 0.5deg),public_reference,simulated,simulated,26009
2024-05-06,DEMO-01,"Dongri Buzurg Mine demo area, Bhandara, Maharashtra",MOIL_DONGRI_BUZURG,1011.97,947.31,25.32,3.16,6.67,96.03,1.85,932.02,960.59,NASA POWER Daily API (Regional Gridded 0.5deg),public_reference,simulated,simulated,26009
2024-05-13,DEMO-01,"Dongri Buzurg Mine demo area, Bhandara, Maharashtra",MOIL_DONGRI_BUZURG,1014.47,912.15,5.50,25.32,13.99,91.67,2.84,947.31,954.33,NASA POWER Daily API (Regional Gridded 0.5deg),public_reference,simulated,simulated,26009
2024-05-20,DEMO-01,"Dongri Buzurg Mine demo area, Bhandara, Maharashtra",MOIL_DONGRI_BUZURG,1021.35,915.62,6.82,5.50,17.12,89.81,3.32,912.15,935.18,NASA POWER Daily API (Regional Gridded 0.5deg),public_reference,simulated,simulated,26009
2024-05-27,DEMO-01,"Dongri Buzurg Mine demo area, Bhandara, Maharashtra",MOIL_DONGRI_BUZURG,1002.10,911.57,0.03,6.82,6.51,96.13,4.11,915.62,926.77,NASA POWER Daily API (Regional Gridded 0.5deg),public_reference,simulated,simulated,26009
2024-06-03,DEMO-01,"Dongri Buzurg Mine demo area, Bhandara, Maharashtra",MOIL_DONGRI_BUZURG,1015.28,918.16,25.80,0.03,7.51,95.53,4.50,911.57,921.66,NASA POWER Daily API (Regional Gridded 0.5deg),public_reference,simulated,simulated,26009
2024-06-10,DEMO-01,"Dongri Buzurg Mine demo area, Bhandara, Maharashtra",MOIL_DONGRI_BUZURG,1002.38,927.18,7.78,25.80,9.84,94.14,2.96,918.16,914.37,NASA POWER Daily API (Regional Gridded 0.5deg),public_reference,simulated,simulated,26009
2024-06-17,DEMO-01,"Dongri Buzurg Mine demo area, Bhandara, Maharashtra",MOIL_DONGRI_BUZURG,989.79,954.66,48.99,7.78,10.69,93.64,4.87,927.18,918.13,NASA POWER Daily API (Regional Gridded 0.5deg),public_reference,simulated,simulated,26009
2024-06-24,DEMO-01,"Dongri Buzurg Mine demo area, Bhandara, Maharashtra",MOIL_DONGRI_BUZURG,1000.45,939.67,82.78,48.99,10.10,93.99,0.97,954.66,927.89,NASA POWER Daily API (Regional Gridded 0.5deg),public_reference,simulated,simulated,26009
2024-07-01,DEMO-01,"Dongri Buzurg Mine demo area, Bhandara, Maharashtra",MOIL_DONGRI_BUZURG,996.23,932.41,99.59,82.78,4.27,97.46,3.00,939.67,934.92,NASA POWER Daily API (Regional Gridded 0.5deg),public_reference,simulated,simulated,26009
2024-07-08,DEMO-01,"Dongri Buzurg Mine demo area, Bhandara, Maharashtra",MOIL_DONGRI_BUZURG,982.92,870.19,84.22,99.59,20.85,87.59,1.75,932.41,938.48,NASA POWER Daily API (Regional Gridded 0.5deg),public_reference,simulated,simulated,26009
2024-07-15,DEMO-01,"Dongri Buzurg Mine demo area, Bhandara, Maharashtra",MOIL_DONGRI_BUZURG,973.66,781.64,203.78,84.22,21.10,87.44,7.47,870.19,924.23,NASA POWER Daily API (Regional Gridded 0.5deg),public_reference,simulated,simulated,26009
2024-07-22,DEMO-01,"Dongri Buzurg Mine demo area, Bhandara, Maharashtra",MOIL_DONGRI_BUZURG,991.05,811.69,263.35,203.78,15.38,90.85,2.18,781.64,880.97,NASA POWER Daily API (Regional Gridded 0.5deg),public_reference,simulated,simulated,26009
2024-07-29,DEMO-01,"Dongri Buzurg Mine demo area, Bhandara, Maharashtra",MOIL_DONGRI_BUZURG,979.59,732.41,88.25,263.35,20.48,87.81,6.56,811.69,848.98,NASA POWER Daily API (Regional Gridded 0.5deg),public_reference,simulated,simulated,26009
2024-08-05,DEMO-01,"Dongri Buzurg Mine demo area, Bhandara, Maharashtra",MOIL_DONGRI_BUZURG,984.86,857.51,70.14,88.25,7.62,95.46,8.18,732.41,798.98,NASA POWER Daily API (Regional Gridded 0.5deg),public_reference,simulated,simulated,26009
2024-08-12,DEMO-01,"Dongri Buzurg Mine demo area, Bhandara, Maharashtra",MOIL_DONGRI_BUZURG,996.29,945.57,42.93,70.14,5.56,96.69,0.45,857.51,795.81,NASA POWER Daily API (Regional Gridded 0.5deg),public_reference,simulated,simulated,26009
2024-08-19,DEMO-01,"Dongri Buzurg Mine demo area, Bhandara, Maharashtra",MOIL_DONGRI_BUZURG,973.99,821.18,81.86,42.93,24.79,85.24,6.34,945.57,836.79,NASA POWER Daily API (Regional Gridded 0.5deg),public_reference,simulated,simulated,26009
2024-08-26,DEMO-01,"Dongri Buzurg Mine demo area, Bhandara, Maharashtra",MOIL_DONGRI_BUZURG,971.87,878.53,46.64,81.86,10.99,93.46,2.23,821.18,839.16,NASA POWER Daily API (Regional Gridded 0.5deg),public_reference,simulated,simulated,26009
2024-09-02,DEMO-01,"Dongri Buzurg Mine demo area, Bhandara, Maharashtra",MOIL_DONGRI_BUZURG,984.45,874.30,62.15,46.64,5.03,97.01,7.08,878.53,875.70,NASA POWER Daily API (Regional Gridded 0.5deg),public_reference,simulated,simulated,26009
2024-09-09,DEMO-01,"Dongri Buzurg Mine demo area, Bhandara, Maharashtra",MOIL_DONGRI_BUZURG,983.55,860.10,189.93,62.15,15.87,90.56,4.53,874.30,879.89,NASA POWER Daily API (Regional Gridded 0.5deg),public_reference,simulated,simulated,26009
2024-09-16,DEMO-01,"Dongri Buzurg Mine demo area, Bhandara, Maharashtra",MOIL_DONGRI_BUZURG,997.63,805.67,27.39,189.93,17.35,89.67,3.89,860.10,858.53,NASA POWER Daily API (Regional Gridded 0.5deg),public_reference,simulated,simulated,26009
2024-09-23,DEMO-01,"Dongri Buzurg Mine demo area, Bhandara, Maharashtra",MOIL_DONGRI_BUZURG,985.06,853.88,72.65,27.39,7.73,95.40,3.78,805.67,854.65,NASA POWER Daily API (Regional Gridded 0.5deg),public_reference,simulated,simulated,26009
2024-09-30,DEMO-01,"Dongri Buzurg Mine demo area, Bhandara, Maharashtra",MOIL_DONGRI_BUZURG,993.43,878.12,0.21,72.65,3.48,97.93,1.50,853.88,848.49,NASA POWER Daily API (Regional Gridded 0.5deg),public_reference,simulated,simulated,26009
2024-10-07,DEMO-01,"Dongri Buzurg Mine demo area, Bhandara, Maharashtra",MOIL_DONGRI_BUZURG,1004.25,939.37,15.24,0.21,6.93,95.88,3.21,878.12,849.44,NASA POWER Daily API (Regional Gridded 0.5deg),public_reference,simulated,simulated,26009
2024-10-14,DEMO-01,"Dongri Buzurg Mine demo area, Bhandara, Maharashtra",MOIL_DONGRI_BUZURG,978.77,916.51,11.35,15.24,6.56,96.09,0.82,939.37,869.26,NASA POWER Daily API (Regional Gridded 0.5deg),public_reference,simulated,simulated,26009
2024-10-21,DEMO-01,"Dongri Buzurg Mine demo area, Bhandara, Maharashtra",MOIL_DONGRI_BUZURG,973.36,914.97,0.04,11.35,26.01,84.52,4.24,916.51,896.97,NASA POWER Daily API (Regional Gridded 0.5deg),public_reference,simulated,simulated,26009
2024-10-28,DEMO-01,"Dongri Buzurg Mine demo area, Bhandara, Maharashtra",MOIL_DONGRI_BUZURG,982.15,888.57,0.00,0.04,23.05,86.28,5.53,914.97,912.24,NASA POWER Daily API (Regional Gridded 0.5deg),public_reference,simulated,simulated,26009
2024-11-04,DEMO-01,"Dongri Buzurg Mine demo area, Bhandara, Maharashtra",MOIL_DONGRI_BUZURG,968.63,859.20,0.00,0.00,13.06,92.23,4.34,888.57,914.85,NASA POWER Daily API (Regional Gridded 0.5deg),public_reference,simulated,simulated,26009
2024-11-11,DEMO-01,"Dongri Buzurg Mine demo area, Bhandara, Maharashtra",MOIL_DONGRI_BUZURG,984.63,892.72,0.00,0.00,24.13,85.63,1.75,859.20,894.81,NASA POWER Daily API (Regional Gridded 0.5deg),public_reference,simulated,simulated,26009
2024-11-18,DEMO-01,"Dongri Buzurg Mine demo area, Bhandara, Maharashtra",MOIL_DONGRI_BUZURG,976.75,896.48,0.00,0.00,9.89,94.11,1.87,892.72,888.86,NASA POWER Daily API (Regional Gridded 0.5deg),public_reference,simulated,simulated,26009
2024-11-25,DEMO-01,"Dongri Buzurg Mine demo area, Bhandara, Maharashtra",MOIL_DONGRI_BUZURG,1003.58,918.93,0.01,0.00,9.27,94.48,7.01,896.48,884.24,NASA POWER Daily API (Regional Gridded 0.5deg),public_reference,simulated,simulated,26009
2024-12-02,DEMO-01,"Dongri Buzurg Mine demo area, Bhandara, Maharashtra",MOIL_DONGRI_BUZURG,1006.42,924.98,2.42,0.01,5.95,96.46,5.24,918.93,891.83,NASA POWER Daily API (Regional Gridded 0.5deg),public_reference,simulated,simulated,26009
2024-12-09,DEMO-01,"Dongri Buzurg Mine demo area, Bhandara, Maharashtra",MOIL_DONGRI_BUZURG,975.67,968.80,0.00,2.42,2.15,98.72,0.52,924.98,908.28,NASA POWER Daily API (Regional Gridded 0.5deg),public_reference,simulated,simulated,26009
2024-12-16,DEMO-01,"Dongri Buzurg Mine demo area, Bhandara, Maharashtra",MOIL_DONGRI_BUZURG,988.71,912.09,0.00,0.00,15.23,90.93,5.05,968.80,927.30,NASA POWER Daily API (Regional Gridded 0.5deg),public_reference,simulated,simulated,26009
2024-12-23,DEMO-01,"Dongri Buzurg Mine demo area, Bhandara, Maharashtra",MOIL_DONGRI_BUZURG,996.19,898.17,5.95,0.00,13.92,91.71,3.96,912.09,931.20,NASA POWER Daily API (Regional Gridded 0.5deg),public_reference,simulated,simulated,26009
